HostCorrectedName,habitat_forest,habitat_savanna,habitat_shrubland,habitat_grassland,habitat_wetlands,habitat_rocky_areas,habitat_desert,total_estrada_species,Centroid_Longitude,Centroid_Latitude,Total_Geographic_Area,Minimum_Longitude,Minimum_Latitude,Maximum_Longitude,Maximum_Latitude,Arthropod,Bacteria,Protozoa,Fungus,Virus,Helminth,NoEntry,Vector,Direct,Indirect,Sexual,Vertical,CloseT,Nonclose,Intermediate,Citation,TotalCount,Mean_Percent_Social_Activity_Time,Min_Social_Activity_Time_Range,Max_Social_Activity_Time_Range,trophic_folivore,trophic_Omnivore,trophic_count,pop_trend,bodymass_kg,femalebodymass_kg,malebodymass_kg,homerange_ha,mean_groupsize,Male.residual,Female.Residual,GCDI,mean_dayrange_meters,locomotion,habitat_count,habitat_category,diel_activity,iucn,realm,mating_system,parasite_type,parasite_type_count,transmission_type,transmission_type_count,lifecycle_type,lifecycle_type_count,Degree_Centrality_Integer,population_density_sqkm_mean,Population.Dens.from.Nunn.unpubl..database,SSD,homerange_mean_m2,d_index,TotalCount_imputed
Allenopithecus_nigroviridis,1,0,0,0,1,0,0,1,18.9019605,0.769194606,13.43741567,15.58714585,-2.271378994,24.30357933,3.781398773,1,0,0,0,3,0,0,0,4,0,2,2,4,0,0,3,4,,,,Non-Folivore,Other,1,,5.3,3.18,6.13,,35,,,,,both,2,forest_wetlands,diurnal,least concern,M_Africa,multimale-multifemale,Arthropod_Virus,2,Sexual_Vertical_CloseT,3,Direct,1,4,,,1.927672956,,,139
Allocebus_trichotis,1,0,0,0,0,0,0,1,49.27534755,-16.45098474,3.626084693,48.2276,-19.18886441,50.48377991,-14.28116441,,,,,,,,,,,,,,,,0,,6,,,Non-Folivore,Omnivore/Insectivore,1,D,0.08,0.084,0.092,25.75,1.592222222,,,,,arboreal,1,forest,nocturnal,vulnerable,Madagascar,monogamy,,0,,0,,0,,,,1.095238095,257500,,
Alouatta_belzebul,1,0,0,0,0,0,0,3,-50.12574055,-5.490543073,109.2296447,-58.6207,-10.52406441,-34.7901,0.367835592,3,1,6,0,3,2,0,9,5,11,0,0,1,3,1,9,10,4.687777778,,,Folivore,Other,1,D,5.823333333,5.51,7.26,33.343,6.5,,,0.446,902.6683333,arboreal,1,forest,diurnal,vulnerable,Neotropics,multimale-multifemale,Arthropod_Bacteria_Protozoa_Virus_Helminth,5,Vector_CloseT_Nonclose_Intermediate,4,Direct_Indirect,2,10,,,1.317604356,333430,1.385386054,148
Alouatta_caraya,1,1,0,0,0,0,0,1,-53.11224722,-17.63712579,261.8868504,-67.5199,-31.11166441,-41.9429,-8.425664408,14,2,32,0,10,27,0,32,33,53,0,0,24,19,17,20,34,5.82,,,Folivore,Other,1,D,5.38,4.33,6.42,26.14166667,9.309090909,0.083,-0.167,0.329,522.3333333,arboreal,2,forest_savanna,diurnal,least concern,Neotropics,multimale-multifemale,Arthropod_Bacteria_Protozoa_Virus_Helminth,5,Vector_CloseT_Nonclose_Intermediate,4,Direct_Indirect,2,34,173.2,159,1.482678984,261416.6667,0.905369888,164
Alouatta_fusca,1,0,0,0,0,0,0,1,-47.52202187,-23.07938339,95.1871843,-55.0012,-32.33656441,-38.144,-12.19436441,3,0,24,0,2,6,0,28,6,30,0,0,4,4,1,11,16,3.333333333,,,Folivore,Other,1,D,5.54,4.35,6.73,15.065,7,,,0.373,655.75,arboreal,1,forest,diurnal,least concern,Neotropics,multimale-multifemale,Arthropod_Protozoa_Virus_Helminth,4,Vector_CloseT_Nonclose_Intermediate,4,Direct_Indirect,2,16,,133,1.547126437,150650,1.497264998,16
Alouatta_palliata,1,0,0,0,0,0,0,1,-83.28730695,9.711646866,46.98237094,-95.5735,-4.475664407,-74.7296,18.71903559,23,5,25,0,5,36,0,19,62,39,0,4,22,48,14,28,34,1,,,Folivore,Other,1,,6.12,5.6554,6.96,43.94333333,13.898,0.061,-0.278,0.305,329.9566667,arboreal,1,forest,diurnal,least concern,Neotropics,multimale-multifemale,Arthropod_Bacteria_Protozoa_Virus_Helminth,5,Vector_Vertical_CloseT_Nonclose_Intermediate,5,Direct_Indirect,2,34,43.165,32.6,1.23068218,439433.3333,0.441118579,150
Alouatta_seniculus,1,1,0,0,0,0,0,5,-61.41223082,0.831197339,224.8274861,-71.8233,-18.45186441,-49.8635,11.56173559,7,1,35,0,6,24,0,35,27,48,0,0,16,21,10,25,45,2.833333333,,,Folivore,Other,2,D,6.285,5.245,6.953333333,16.64,8.684761905,0.005,-0.323,0.297,729.8,arboreal,2,forest_savanna,diurnal,least concern,Neotropics,polygynous,Arthropod_Bacteria_Protozoa_Virus_Helminth,5,Vector_CloseT_Nonclose_Intermediate,4,Direct_Indirect,2,45,87,44.8,1.325707023,166400,1.585521512,164
Alouatta_villosa,1,0,0,0,0,0,0,1,-89.7209069,18.09400189,20.49425719,-92.9767,14.99573559,-86.7365,21.60983559,1,0,11,0,0,49,0,7,24,38,0,0,15,22,30,10,17,2.866666667,,,Folivore,Other,1,D,6.56,5.608,7.505,11.98,6.13375,,,,476.125,arboreal,1,forest,diurnal,endangered,Neotropics,multimale-multifemale,Arthropod_Protozoa_Helminth,3,Vector_CloseT_Nonclose_Intermediate,4,Direct_Indirect,2,17,,,1.338266762,119800,1.219094908,150
Aotus_azarae,1,0.25,0,0,0,0,0,4,-60.1001032,-9.936873099,430.4623884,-78.72308731,-27.25956441,-43.1815,1.588835593,1,0,8,0,0,14,0,6,10,12,0,0,4,5,5,8,22,1.4,,,Non-Folivore,Other,2,D,0.94,1.0775,0.95,6.9825,3.68,,,,568.0625,arboreal,2,forest_savanna,nocturnal,least concern,Neotropics,monogamy,Arthropod_Protozoa_Helminth,3,Vector_CloseT_Nonclose_Intermediate,4,Direct_Indirect,2,22,64,32.7,0.865789474,69825,1.905178138,131
Aotus_trivirgatus,1,0.142857143,0,0,0,0,0,7,-69.60084191,1.648622527,202.251284,-82.5473,-5.557844062,-55.4334,11.47603559,1,3,5,0,2,15,0,12,10,17,0,0,7,10,4,13,17,3,,,Non-Folivore,Other,3,D,0.74,0.8264,0.8662,7.184857143,3.12,-0.135,-0.285,0.072,642,arboreal,2,forest_savanna,nocturnal,least concern,Neotropics,monogamy,Arthropod_Bacteria_Protozoa_Virus_Helminth,5,Vector_CloseT_Nonclose_Intermediate,4,Direct_Indirect,2,17,,29.7,1.048160697,71848.57143,2.122613392,129
Arctocebus_calabarensis,1,0,0,0,0,0,0,2,12.62934404,1.916881388,66.38620402,6.408606581,-4.304560892,18.6498394,7.458749294,0,0,2,0,0,0,0,2,0,2,0,0,0,0,0,1,2,,,,Non-Folivore,Omnivore/Insectivore,1,,0.26,0.306,0.312,10,1,-0.217,-0.105,,,arboreal,1,forest,nocturnal,least concern,M_Africa,dispersed,Protozoa,1,Vector,1,Indirect,1,2,,,1.019607843,100000,,111
Ateles_belzebuth,1,0,0,0,0,0,0,3,-64.51510183,-1.177477567,122.9208899,-78.88415877,-12.24516441,-51.6414,11.13683559,0,1,5,0,0,3,0,2,7,3,0,0,4,6,0,5,8,3.2775,,,Non-Folivore,Other,2,D,7.6475,7.56,8.97,207.0384615,17.44909091,,,,2243,arboreal,1,forest,diurnal,endangered,Neotropics,multimale-multifemale,Bacteria_Protozoa_Helminth,3,Vector_CloseT_Nonclose,3,Direct_Indirect,2,8,17.75,14.6,1.186507937,2070384.615,1.381493031,136
Ateles_fusciceps,1,0,0,0,0,0,0,1,-77.14712654,4.980654275,17.62138808,-80.0878,-1.872364408,-74.485,9.950035592,0,0,3,0,0,10,0,8,4,9,0,0,2,4,1,5,10,20,,,Non-Folivore,Other,1,D,9.03,9.16,8.89,,,,,,1150,arboreal,1,forest,diurnal,endangered,Neotropics,multimale-multifemale,Protozoa_Helminth,2,Vector_CloseT_Nonclose_Intermediate,4,Direct_Indirect,2,10,,,0.969628796,,,136
Ateles_geoffroyi,1,0,0,0,0,0,0,1,-89.28777975,15.84662346,76.22962067,-99.2274,6.840735593,-77.5908,24.48863559,0,0,6,0,2,22,0,17,11,20,0,0,9,11,2,9,12,6.65,,,Non-Folivore,Other,1,D,7.54,7.132,7.45,388.0971429,42.9,-0.126,-0.57,0.228,2229.615,arboreal,1,forest,diurnal,endangered,Neotropics,multimale-multifemale,Protozoa_Virus_Helminth,3,Vector_CloseT_Nonclose_Intermediate,4,Direct_Indirect,2,12,39.5,14.4,1.044587773,3880971.429,1.003008458,136
Ateles_paniscus,1,0,0,0,0,0,0,2,-62.40586086,-6.331450298,275.5102177,-76.4173,-17.48736441,-50.4416,6.895035593,0,1,15,1,3,10,0,23,6,25,0,0,4,7,0,19,16,3.45,,,Non-Folivore,Other,1,D,8.825,8.7,8.95,223.5,31.66666667,-0.03,-0.436,0.226,1977,arboreal,1,forest,diurnal,vulnerable,Neotropics,multimale-multifemale,Bacteria_Protozoa_Fungus_Virus_Helminth,5,Vector_CloseT_Nonclose,3,Direct_Indirect,2,16,,41.2,1.028735632,2235000,1.171960154,136
Avahi_laniger,1,0,0,0,0,0,0,9,48.43075447,-18.04519872,6.136751235,44.5503,-25.06700481,50.36863,-14.08796441,5,2,0,0,2,4,0,2,10,2,0,0,4,8,0,6,11,2.615,,,Folivore,Other,2,D,1.020666667,1.070666667,0.94,2.234,2.128571429,-0.625,-0.649,,527.575,arboreal,1,forest,nocturnal,vulnerable,Madagascar,monogamy,Arthropod_Bacteria_Virus_Helminth,4,Vector_CloseT_Nonclose,3,Direct_Indirect,2,11,,,0.860992908,22340,3.128149956,115
Brachyteles_arachnoides,1,0,0,0,0,0,0,2,-43.93744279,-21.60810421,14.82710787,-49.72412109,-25.15380859,-39.9056,-16.13126441,1,0,5,0,0,8,0,4,9,8,0,0,6,8,1,7,7,1.55,,,Folivore,Other,1,D,8.92,8.235,9.605,221.75,43,-0.403,-0.646,,1303,arboreal,1,forest,diurnal,endangered,Neotropics,multimale-multifemale,Arthropod_Protozoa_Helminth,3,Vector_CloseT_Nonclose_Intermediate,4,Direct_Indirect,2,7,,11.8,1.166363084,2217500,0.775456681,130
Cacajao_calvus,1,0,0,0,0,0,0,1,-72.1689106,-6.392264506,14.89132467,-75.2556,-11.40786441,-65.3577,-1.804364407,0,0,4,0,0,2,0,4,2,4,0,0,1,2,0,6,4,,,,Non-Folivore,Other,1,D,3.17,2.88,3.45,1746.5,33.65,,,0.181,1003.65,arboreal,1,forest,diurnal,vulnerable,Neotropics,multimale-multifemale,Protozoa_Helminth,2,Vector_CloseT_Nonclose,3,Direct_Indirect,2,4,,,1.197916667,17465000,0.212834945,127
Cacajao_melanocephalus,1,0,0.5,0,0,0,0,2,-67.00006901,-0.02517947,38.98739189,-72.6886,-3.995264407,-60.0281,4.110935592,,,,,,,,,,,,,,,,0,,,,,Non-Folivore,Other,1,['S' 'D'],3.03,2.71,3.16,500,30,,,,3,arboreal,2,forest_shrubland,diurnal,least concern,Neotropics,,,0,,0,,0,,,,1.166051661,5000000,0.001188998,
Callicebus_moloch,0.863636364,0.090909091,0.181818182,0,0.409090909,0,0,22,-62.69019203,-9.040659224,292.1625775,-79.00590134,-24.06536441,-48.2458,4.737835592,2,0,15,0,0,4,0,14,4,17,0,0,6,6,3,13,10,6.19,,,Non-Folivore,Other,4,['S' 'D'],0.95,0.995,0.981363636,13.7215,3.617333333,-0.287,-0.266,0.033,604.5,arboreal,4,forest_savanna_shrubland_wetlands,diurnal,least concern,Neotropics,monogamy,Arthropod_Protozoa_Helminth,3,Vector_CloseT_Nonclose_Intermediate,4,Direct_Indirect,2,10,,31.3,0.986104678,137215,1.446240273,126
Callicebus_personatus,0.8,0.4,0.2,0,0,0,0,5,-43.83789375,-18.30410469,76.11199054,-51.3711,-25.19846441,-36.4107,-9.528164407,0,0,2,0,0,0,0,2,0,2,0,0,0,0,0,2,1,6,,,Non-Folivore,Other,2,D,1.2625,1.315,1.27,25.33333333,6,,,,900.6666667,arboreal,3,forest_savanna_shrubland,diurnal,near threatened,Neotropics,monogamy,Protozoa,1,Vector,1,Indirect,1,1,,17,0.964566929,253333.3333,1.585852758,1
Callicebus_torquatus,1,0,0,0,0.166666667,0,0,6,-67.65977177,-0.364934933,146.5068396,-77.0029,-7.580964408,-59.4536,8.368335593,0,0,5,0,0,2,0,5,2,5,0,0,2,2,0,7,3,4.8,,,Non-Folivore,Other,2,D,1.318571429,1.26,1.3425,24.29,3.488888889,-0.467,-0.51,0.021,819.4,arboreal,2,forest_wetlands,diurnal,least concern,Neotropics,monogamy,Protozoa_Helminth,2,Vector_CloseT_Nonclose,3,Direct_Indirect,2,3,,20,1.06547619,242900,1.473421976,3
Callimico_goeldii,1,0,0,0,0,0,0,1,-72.56426283,-6.310985412,49.32926823,-77.4492,-12.57986441,-67.3046,1.381435592,0,0,1,0,0,36,0,0,2,35,0,0,1,2,35,2,5,7,,,Non-Folivore,Omnivore/Insectivore,1,D,0.48,0.468,0.499,92.625,6.31,,,,925,arboreal,1,forest,diurnal,vulnerable,Neotropics,monogamy,Protozoa_Helminth,2,CloseT_Nonclose_Intermediate,3,Direct_Indirect,2,5,,,1.066239316,926250,0.851770438,129
Callithrix_argentata,1,0.333333333,0,0,0,0,0,6,-56.65821408,-7.566058761,38.47764251,-65.4481,-14.33236441,-49.3215,-0.824564408,0,0,3,0,3,2,0,7,1,7,0,0,1,0,0,5,6,12.84,,,Non-Folivore,Omnivore/Insectivore,1,D,0.361428571,0.3475,0.3586,18.68333333,7.928571429,,,,1160.58,arboreal,2,forest_savanna,diurnal,least concern,Neotropics,monogamy,Protozoa_Virus_Helminth,3,Vector_CloseT,2,Direct_Indirect,2,6,,,1.031942446,186833.3333,2.37953908,128
Callithrix_humeralifer,1,0.2,0,0,0,0,0,5,-59.66213423,-13.86638694,83.74446806,-65.3885,-20.07636441,-53.592,-2.526064408,,,,,,,,,,,,,,,,0,,,,,Non-Folivore,Omnivore/Insectivore,1,S,0.349,0.3168,0.3838,18.6,6.2,,,,,arboreal,2,forest_savanna,diurnal,least concern,Neotropics,monogamy,,0,,0,,0,,,30,1.211489899,186000,,
Callithrix_jacchus,1,0.5,0,0,0,0,0,6,-44.78883379,-13.40498197,217.4035512,-54.8258,-24.49766441,-34.7901,-2.252664407,2,0,9,0,3,31,0,21,11,34,0,0,8,7,13,14,19,10.75,,,Non-Folivore,Other,2,['D' 'S' 'I'],0.356666667,0.3364,0.3668,15.600125,7.695,,,,1051.816,arboreal,2,forest_savanna,diurnal,least concern,Neotropics,monogamy,Arthropod_Protozoa_Virus_Helminth,4,Vector_CloseT_Nonclose_Intermediate,4,Direct_Indirect,2,19,8.26,1030,1.090368609,156001.25,2.360047122,132
Cebuella_pygmaea,1,0,0,0,0,0,0,1,-70.23485832,-5.497938775,137.0654234,-77.9002,-12.62366441,-59.0068,2.435035593,0,0,2,0,0,3,0,3,1,4,0,0,1,0,1,4,5,,,,Non-Folivore,Omnivore/Insectivore,1,D,0.12,0.122,0.11,0.663333333,5.23,-0.057,-0.107,0.008,,arboreal,1,forest,diurnal,least concern,Neotropics,monogamy,Protozoa_Helminth,2,Vector_CloseT_Intermediate,3,Direct_Indirect,2,5,,37.5,0.890909091,6633.333333,,129
Cebus_albifrons,1,0,0.111111111,0,0.555555556,0,0,9,-68.79032838,-3.807994793,306.3972476,-81.007,-15.22595,-54.9985,11.56803559,1,0,15,0,0,11,0,12,12,19,0,0,5,12,4,16,14,6,,,Non-Folivore,Omnivore/Insectivore,2,D,7.094285714,2.296666667,2.886666667,206.6,17.75,,,,1820,arboreal,3,forest_shrubland_wetlands,diurnal,least concern,Neotropics,multimale-multifemale,Arthropod_Protozoa_Helminth,3,Vector_CloseT_Nonclose_Intermediate,4,Direct_Indirect,2,14,,19.6,1.256894049,2066000,1.122150662,135
Cebus_apella,1,0.375,0,0,0,0,0,8,-56.351566,-9.476276021,887.4708559,-78.3359,-29.71646441,-34.7901,11.17013559,0,0,37,0,18,23,0,48,23,62,0,0,7,20,7,30,26,3.63,,,Non-Folivore,Other,2,D,2.908333333,2.243,3.368,337.248,13.7,0.398,0.119,0.256,2361.778,arboreal,2,forest_savanna,diurnal,least concern,Neotropics,multimale-multifemale,Protozoa_Virus_Helminth,3,Vector_CloseT_Nonclose_Intermediate,4,Direct_Indirect,2,26,16,22.9,1.50156041,3372480,1.139749268,132
Cebus_capucinus,1,0,0,0,0.5,0,0,2,,,,,,,,3,0,13,0,0,27,0,26,7,36,0,2,5,7,8,13,21,3.8,0,0,Non-Folivore,Omnivore/Insectivore,1,D,3.193333333,2.491,3.74,112.5375,20.3,,,,2050,arboreal,2,forest_wetlands,diurnal,least concern,Neotropics,multimale-multifemale,Arthropod_Protozoa_Helminth,3,Vector_Vertical_CloseT_Nonclose_Intermediate,5,Direct_Indirect,2,21,3.7,10.7,1.501405058,1125375,1.712577249,135
Cebus_olivaceus,1,0,0,0,0,0,0,3,-47.09056534,-2.774853201,15.51875106,-49.678,-5.054164407,-44.3578,-0.539564407,0,0,0,0,0,1,0,0,1,0,0,0,0,1,0,1,1,2.7,,,Non-Folivore,Omnivore/Insectivore,2,D,2.576666667,2.46,3.12,134.4666667,9.68,,,,1081.2,arboreal,1,forest,diurnal,least concern,Neotropics,multimale-multifemale,Helminth,1,Nonclose,1,Direct,1,1,,,1.268292683,1344666.667,0.826311236,135
Cercocebus_albigena,1,0,0,0,0,0,0,4,20.32193808,0.866997878,122.6492145,8.69547081,-6.021603585,33.622362,6.45998585,1,1,24,0,8,4,0,12,25,15,3,4,18,20,1,15,25,6.5,,,Non-Folivore,Other,3,D,6.6525,5.5525,7.7475,170.8333333,17.96,0.153,-0.367,0.387,1137,arboreal,1,forest,diurnal,least concern,M_Africa,multimale-multifemale,Arthropod_Bacteria_Protozoa_Virus_Helminth,5,Vector_Sexual_Vertical_CloseT_Nonclose_Intermediate,6,Direct_Indirect,2,25,,20.5,1.395317425,1708333.333,0.77093737,171
Cercocebus_aterrimus,1,0,0,0,0.5,0,0,2,20.76712647,-2.132043798,57.51337018,16.19991569,-8.893512928,25.91338835,2.177240114,0,0,4,0,1,0,0,4,1,4,1,1,1,0,0,4,4,24,,,Non-Folivore,Other,2,D,6.8,5.68,7.92,59,14.2,,,,,arboreal,2,forest_wetlands,diurnal,near threatened,M_Africa,multimale-multifemale,Protozoa_Virus,2,Vector_Sexual_Vertical_CloseT,4,Direct_Indirect,2,4,,,1.394366197,590000,,171
Cercocebus_galeritus,1,0,0,0,0,0,0,4,20.72464212,2.103169735,99.38608933,9.830255708,-8.61045742,40.20228322,8.861763954,0,0,18,1,7,25,0,6,34,20,7,9,17,25,13,13,33,11.27142857,,,Non-Folivore,Other,1,['S' 'D'],8.514,5.93,10.3525,200.675,29.65,,,,1653.625,both,1,forest,diurnal,least concern,M_Africa,multimale-multifemale,Protozoa_Fungus_Virus_Helminth,4,Vector_Sexual_Vertical_CloseT_Nonclose_Intermediate,6,Direct_Indirect,2,33,,120,1.745784148,2006750,1.034511527,157
Cercocebus_torquatus,1,0.333333333,0,0,0,0,0,3,-2.312742427,6.206136693,57.34463331,-16.79792023,-4.090922308,11.53049157,12.81560167,1,0,14,0,24,12,0,6,39,12,24,24,30,15,5,17,28,7.9,,,Non-Folivore,Other,1,D,7.793333333,5.6,9.973333333,315.8,20.7,0.487,-0.208,0.561,1400,both,2,forest_savanna,diurnal,near threatened,M_Africa,multimale-multifemale,Arthropod_Protozoa_Virus_Helminth,4,Vector_Sexual_Vertical_CloseT_Nonclose_Intermediate,6,Direct_Indirect,2,28,,52.2,1.780952381,3158000,0.698179212,157
Cercopithecus_aethiops,0.833333333,0.833333333,0.333333333,0,0,0,0,6,22.33754732,-1.931313593,1187.57948,-17.53523636,-34.83982849,46.17132568,19.50183487,10,29,19,0,113,37,2,18,167,41,125,97,149,39,14,56,62,6.580714286,,,Non-Folivore,Other,2,['S' 'D'],4.704444444,3.36,5.058333333,59.85777778,25.7328,0.421,-0.013,0.381,2379.125,terrestrial,3,forest_savanna_shrubland,diurnal,least concern,M_Africa,multimale-multifemale,Arthropod_Bacteria_Protozoa_Virus_Helminth_NoEntry,6,Vector_Sexual_Vertical_CloseT_Nonclose_Intermediate,6,Direct_Indirect,2,61,,66.4,1.505456349,598577.7778,2.725222127,162
Cercopithecus_ascanius,1,0,0,0,0,0,0,1,23.35103675,-2.34095711,213.5830386,12.84220791,-11.8260563,35.34011459,8.940073067,0,1,30,0,27,18,0,25,44,35,7,8,30,33,7,18,34,3.933333333,,,Non-Folivore,Other,1,,3.24,2.79,3.69,41.25,21,0.408,0.085,0.286,1668,arboreal,1,forest,diurnal,least concern,M_Africa,polygynous,Bacteria_Protozoa_Virus_Helminth,4,Vector_Sexual_Vertical_CloseT_Nonclose_Intermediate,6,Direct_Indirect,2,34,,91.5,1.322580645,412500,2.301595557,148
Cercopithecus_campbelli,1,1,0,0,0,0,0,2,-7.741182151,7.708228841,44.52489863,-16.82507896,4.353056908,0.387753042,13.48867512,0,0,9,0,1,9,0,2,15,4,1,1,7,13,1,5,19,8.933333333,,,Non-Folivore,Other,2,,3.75,2.65,4.85,34.59375,14.75,,,,1155,arboreal,2,forest_savanna,diurnal,least concern,M_Africa,polygynous,Protozoa_Virus_Helminth,3,Vector_Sexual_Vertical_CloseT_Nonclose_Intermediate,6,Direct_Indirect,2,19,,15,1.830188679,345937.5,1.740315962,147
Cercopithecus_cephus,1,0,0.5,0,0,0,0,2,13.28700169,0.761402469,70.80653085,6.250657895,-6.05971098,18.66301695,6.462152748,2,1,5,1,5,0,0,5,9,7,5,7,6,4,0,10,12,,,,Non-Folivore,Other,1,D,3.365,2.69,4.045,52.33333333,11,0.428,-0.027,0.363,1300,arboreal,2,forest_shrubland,diurnal,least concern,M_Africa,polygynous,Arthropod_Bacteria_Protozoa_Fungus_Virus,5,Vector_Sexual_Vertical_CloseT_Nonclose,5,Direct_Indirect,2,12,184,21.3,1.503717472,523333.3333,1.592572067,148
Cercopithecus_denti,1,0,0,0,0,0,0,1,27.48574467,0.845278884,33.20574312,22.69387875,-3.056599517,31.11767624,4.16521035,0,0,2,0,4,0,0,6,0,6,0,0,0,0,0,3,3,,,,Non-Folivore,Omnivore/Insectivore,1,D,3.54,2.83,4.25,,,,,,,arboreal,1,forest,diurnal,least concern,M_Africa,polygynous,Protozoa_Virus,2,Vector,1,Indirect,1,3,,,1.501766784,,,3
Cercopithecus_diana,1,0,0,0,0,0,0,2,-7.388510028,6.693254353,28.92696648,-13.32590771,4.353056908,-0.394842576,9.36736974,0,0,10,0,2,6,0,3,13,5,1,1,7,11,1,5,17,1.2,,,Non-Folivore,Other,2,D,4.525,3.9,5.2,115,21.3,,,0.32,1441,arboreal,1,forest,diurnal,vulnerable,M_Africa,polygynous,Protozoa_Virus_Helminth,3,Vector_Sexual_Vertical_CloseT_Nonclose_Intermediate,6,Direct_Indirect,2,17,,47.3,1.333333333,1150000,1.190858062,146
Cercopithecus_dryas,1,0,0,0,0,0,0,1,23.86680571,-0.509872664,0.285471817,22.75545053,-2.29480265,25.60768794,0.643723474,,,,,,,,,,,,,,,,0,,,,,Non-Folivore,Other,1,,2.65,2.3,3,4.9,15,,,,,both,1,forest,diurnal,endangered,M_Africa,,,0,,0,,0,,,,1.304347826,49000,,
Cercopithecus_erythrogaster,1,0,0,0,0,0,0,1,4.827443383,6.155036188,5.999488541,1.525796978,4.277143955,6.631265235,7.14365998,,,,,,,,,,,,,,,,0,,,,,Folivore,Omnivore/Insectivore,1,D,3.5,3,4,,6.54,,,,,arboreal,1,forest,diurnal,vulnerable,M_Africa,,,0,,0,,0,,,,1.333333333,,,
Cercopithecus_erythrotis,1,0,0,0,0,0,0,1,9.320451205,5.021506128,4.5498659,8.09267169,3.209956408,10.66987902,6.498277807,,,,,,,,,,,,,,,,0,,,,,Non-Folivore,Other,1,D,3.4,3.1,3.7,31.5,,,,,,arboreal,1,forest,diurnal,vulnerable,M_Africa,,,0,,0,,0,,,,1.193548387,315000,,
Cercopithecus_hamlyni,1,0,0,0,0,0,0,1,27.48190458,-0.51211302,18.35188999,25.34256622,-5.321191435,30.09023746,2.559690854,,,,,,,,,,,,,,,,0,,8,,,Non-Folivore,Omnivore/Insectivore,1,D,4.43,3.36,5.49,,7.133333333,,,,,both,1,forest,diurnal,vulnerable,M_Africa,,,0,,0,,0,,,,1.633928571,,,
Cercopithecus_lhoesti,1,0,0.5,0,0.5,0,0,2,26.28190204,-0.754808964,19.09680781,11.16894063,-4.216348719,30.53373299,2.096438464,0,0,1,0,0,5,0,1,5,2,0,0,0,5,0,5,4,14.16666667,,,Non-Folivore,Omnivore/Insectivore,1,D,5.925,3.46,6.945,88.9625,25.3,0.383,-0.029,0.477,2006,both,3,forest_shrubland_wetlands,diurnal,vulnerable,M_Africa,polygynous,Protozoa_Helminth,2,Vector_Nonclose,2,Direct_Indirect,2,4,,6.5,2.007225434,889625,1.884830843,144
Cercopithecus_mitis,1,0,0,0,0,0,0,4,29.94444779,-8.497522799,194.3491235,12.58221722,-33.54028302,45.38191504,11.62692714,1,2,30,0,7,24,0,10,40,27,5,3,28,33,15,20,36,5.92,,,Non-Folivore,Other,4,D,5.456666667,3.66,7.25,64.218,19.625,0.396,-0.096,0.433,624.9857143,arboreal,1,forest,diurnal,least concern,M_Africa,polygynous,Arthropod_Bacteria_Protozoa_Virus_Helminth,5,Vector_Sexual_Vertical_CloseT_Nonclose_Intermediate,6,Direct_Indirect,2,36,132.75,108,1.980874317,642180,0.691172807,148
Cercopithecus_mona,1,0,0,0,0,0,0,1,6.087544359,7.221926249,50.56988665,-0.770116543,0.024766458,12.93978004,10.25057333,2,0,2,0,7,6,0,7,9,7,3,3,5,4,0,14,12,18,,,Non-Folivore,Other,1,,4.05,3,5.1,3,14.82222222,0.489,0.035,0.455,,arboreal,1,forest,diurnal,least concern,M_Africa,polygynous,Arthropod_Protozoa_Virus_Helminth,4,Vector_Sexual_Vertical_CloseT_Nonclose,5,Direct_Indirect,2,12,,,1.7,30000,,147
Cercopithecus_neglectus,1,0,0,0,1,0,0,1,20.14900547,0.350131519,186.3700161,9.304626466,-8.879430222,37.31616453,9.74880861,0,0,1,0,5,0,0,1,5,1,5,5,5,0,0,5,4,,,,Non-Folivore,Other,1,,5.74,4.13,7.35,7,7.6,0.405,0.062,0.394,515,both,2,forest_wetlands,diurnal,least concern,M_Africa,polygynous,Protozoa_Virus,2,Vector_Sexual_Vertical_CloseT,4,Direct_Indirect,2,4,,112,1.779661017,70000,1.725055808,146
Cercopithecus_nictitans,1,0,0,0,1,0,0,1,12.03583481,2.686638773,109.7459343,-10.1228,-4.595966131,24.3678,9.587933869,1,1,9,0,14,2,0,17,10,17,8,9,10,1,0,13,13,,,,Non-Folivore,Other,1,D,5.46,4.25,6.67,80.25,14.9,0.371,0.044,0.377,1825,arboreal,2,forest_wetlands,diurnal,least concern,M_Africa,polygynous,Arthropod_Bacteria_Protozoa_Virus_Helminth,5,Vector_Sexual_Vertical_CloseT_Nonclose,5,Direct_Indirect,2,13,,27.7,1.569411765,802500,1.805449266,146
Cercopithecus_petaurista,1,0,1,0,0,0,0,1,-6.622459397,7.225567627,43.4845826,-16.42928696,4.353056908,1.008293332,12.71895482,0,0,10,0,1,7,0,2,14,4,0,0,7,12,1,3,17,4.15,,,Folivore,Other,1,,3.65,2.9,4.4,65.1875,10.6,,,,1051,arboreal,2,forest_shrubland,diurnal,least concern,M_Africa,polygynous,Protozoa_Virus_Helminth,3,Vector_CloseT_Nonclose_Intermediate,4,Direct_Indirect,2,17,,,1.517241379,651875,1.153627218,148
Cercopithecus_pogonias,1,1,0,0,0,0,0,1,8.84160706,3.66188644,0.001667881,8.811275618,3.642739228,8.871551828,3.68074734,0,0,0,0,4,0,0,0,4,0,4,4,4,0,0,4,3,,,,Non-Folivore,Other,1,D,3.58,2.9,4.26,100,23.35,0.36,0.051,0.297,1566.666667,arboreal,2,forest_savanna,diurnal,vulnerable,M_Africa,polygynous,Virus,1,Sexual_Vertical_CloseT,3,Direct,1,3,,19,1.468965517,1000000,1.388422183,147
Cercopithecus_preussi,1,0,0,0,0,0,0,1,9.641351135,5.676273594,1.430862281,8.448342886,3.275226354,10.57960651,6.572769669,0,0,0,0,0,1,0,1,0,1,0,0,0,0,0,1,1,,,,Non-Folivore,Omnivore/Insectivore,1,D,4.525,2.9,4.7,,7.5,,,0.429,,terrestrial,1,forest,diurnal,endangered,M_Africa,,Helminth,1,Vector,1,Indirect,1,1,,,1.620689655,,,144
Cercopithecus_wolfi,1,1,0,0,1,0,0,1,20.94537941,-2.158775607,57.80618812,16.14948027,-7.27934913,25.89910318,2.180114584,1,0,0,0,4,0,0,0,5,0,4,4,5,0,0,3,4,,,,Folivore,Other,1,D,3.34,2.88,3.8,,,,,0.47,,arboreal,3,forest_savanna_wetlands,diurnal,least concern,M_Africa,polygynous,Arthropod_Virus,2,Sexual_Vertical_CloseT,3,Direct,1,4,,44.2,1.319444444,,,147
Cheirogaleus_major,0.666666667,0,0,0,0,0,0,6,47.59714946,-21.52087421,3.326400736,46.64624793,-25.16116524,50.17933546,-12.33365,1,0,0,0,0,4,0,0,5,0,0,0,4,4,0,4,3,,,,Non-Folivore,Other,3,D,0.374,0.381,0.574,4.1,,,,,,arboreal,1,forest,nocturnal,endangered,Madagascar,monogamy,Arthropod_Helminth,2,CloseT_Nonclose,2,Direct,1,3,,92.5,1.50656168,41000,,115
Cheirogaleus_medius,0.5,0,0,0,0,0,0,2,45.13026393,-20.28021863,10.92203852,43.2248764,-25.5870004,50.1915183,-12.49216441,1,0,0,0,0,23,0,0,12,14,0,0,1,11,12,6,11,,,,Folivore,Other,2,D,0.176666667,0.167333333,0.164,2.053333333,4.5,-0.143,-0.082,,767.2,arboreal,1,forest,nocturnal,least concern,Madagascar,monogamy,Arthropod_Helminth,2,CloseT_Nonclose_Intermediate,3,Direct_Indirect,2,11,260,350,0.979674797,20533.33333,4.744864406,118
Chiropotes_albinasus,1,0,0,0,0,0,0,1,-57.65228921,-7.867038149,80.59288769,-62.9966,-13.88156441,-51.7341,-1.472164408,0,0,2,0,0,0,0,2,0,2,0,0,0,0,0,2,1,9,,,Non-Folivore,Other,1,D,2.82,2.49,3.15,605,39.25,,,,3667,arboreal,1,forest,diurnal,endangered,Neotropics,,Protozoa,1,Vector,1,Indirect,1,1,,7.5,1.265060241,6050000,1.3212292,1
Chiropotes_satanas,1,0.25,0,0,0,0,0,4,-56.26974487,-0.132861304,161.9575368,-67.8624,-11.01136441,-44.0196,8.187435593,0,0,8,0,0,4,0,8,4,8,0,0,4,4,0,10,5,6.966666667,,,Non-Folivore,Other,1,['S' 'D'],2.902,2.763333333,3.083333333,172.9,24,,,,2422,arboreal,2,forest_savanna,diurnal,least concern,Neotropics,multimale-multifemale,Protozoa_Helminth,2,Vector_CloseT_Nonclose,3,Direct_Indirect,2,5,,7.5,1.115802171,1729000,1.632381194,127
Colobus_angolensis,1,0,0,0,0,0,0,1,23.88202286,-5.167385367,187.711373,14.7969011,-12.71585941,40.13558197,3.721929916,0,0,13,0,1,10,0,1,23,2,1,1,16,22,0,4,7,5,,,Folivore,Other,1,,8.6,7.4,9.8,1405.5,30.09333333,0.218,-0.305,0.399,983,arboreal,1,forest,diurnal,least concern,M_Africa,polygynous,Protozoa_Virus_Helminth,3,Vector_Sexual_Vertical_CloseT_Nonclose,5,Direct_Indirect,2,7,,67.8,1.324324324,14055000,0.232371592,129
Colobus_badius,1,0.125,0.0625,0,0.3125,0,0,16,14.41609136,2.324311489,116.0723576,-16.8176288,-8.613171567,40.21039525,13.82500038,2,1,40,0,34,103,0,3,162,46,26,28,71,132,11,44,49,6.75,2.7,22,Folivore,Other,2,D,7.826153846,6.92875,9.205555556,81.54,32.94153846,0.226,-0.301,0.38,666.8090909,arboreal,4,forest_savanna_shrubland_wetlands,diurnal,least concern,M_Africa,multimale-multifemale,Arthropod_Bacteria_Protozoa_Virus_Helminth,5,Vector_Sexual_Vertical_CloseT_Nonclose_Intermediate,6,Direct_Indirect,2,49,,213,1.328602642,815400,0.654426835,140
Colobus_guereza,1,0,0,0,0,0,0,1,24.05140458,4.856732739,211.871094,9.582028045,-3.542733,42.97164464,13.41562705,1,0,26,0,7,18,0,4,46,14,5,5,28,37,2,20,26,8.25,,,Folivore,Other,1,,8.89,7.9,9.89,17.885,8.375,0.37,0.046,0.226,475.6,arboreal,1,forest,diurnal,least concern,M_Africa,polygynous,Arthropod_Protozoa_Virus_Helminth,4,Vector_Sexual_Vertical_CloseT_Nonclose_Intermediate,6,Direct_Indirect,2,26,82.475,209,1.251898734,178850,0.996649181,137
Colobus_kirkii,1,0,1,0,1,0,0,1,39.36309931,-6.123497526,0.129211581,39.18531418,-6.476134777,39.73216874,-4.92297758,1,0,0,0,0,0,0,0,1,1,0,0,0,1,0,1,1,8.214285714,,,Folivore,Other,1,D,6.9,6.8,7,19,21.6,,,,437.5,arboreal,3,forest_shrubland_wetlands,diurnal,endangered,M_Africa,,Arthropod,1,Nonclose,1,Direct_Indirect,2,1,,,1.029411765,190000,0.889500502,1
Colobus_polykomos,1,0.5,0,0,0,0,0,2,-5.564539787,7.747164356,66.55008398,-16.77427184,4.353056908,3.971077511,12.61317155,0,1,15,0,10,14,0,6,29,9,2,3,14,22,1,11,25,2.475,,,Folivore,Other,1,,8.39,7.6,9.2,55.3,12.975,0.345,-0.17,0.295,534.1666667,arboreal,2,forest_savanna,diurnal,vulnerable,M_Africa,multimale-multifemale,Bacteria_Protozoa_Virus_Helminth,4,Vector_Sexual_Vertical_CloseT_Nonclose_Intermediate,6,Direct_Indirect,2,25,,23.5,1.210526316,553000,0.636589042,137
Colobus_satanas,1,0,0,0,0,0,0,1,11.74724504,1.409538479,26.6993754,8.423114776,-2.74995097,14.77085605,4.894770589,,,,,,,,,,,,,,,,0,,13,,,Non-Folivore,Other,1,D,8.91,7.42,10.4,573,12.275,0.052,-0.432,0.293,668.25,arboreal,1,forest,diurnal,vulnerable,M_Africa,,,0,,0,,0,,,,1.401617251,5730000,0.247403932,
Daubentonia_madagascariensis,1,0,1,0,0,0,0,1,47.91740465,-18.07011853,10.69084063,43.92731476,-25.20072556,50.48377991,-12.32285,1,0,0,0,0,4,0,0,4,1,0,0,2,3,1,3,5,,,,Non-Folivore,Omnivore/Insectivore,1,D,2.545,2.62,2.62,102.95,,,,,1640.75,arboreal,2,forest_shrubland,nocturnal,endangered,Madagascar,dispersed,Arthropod_Helminth,2,CloseT_Nonclose_Intermediate,3,Direct_Indirect,2,5,,,1,1029500,1.433092351,115
Erythrocebus_patas,1,1,1,1,0,0,0,1,12.3976947,10.87644536,590.7823229,-17.52190097,-3.882218002,38.46242466,19.93634033,0,3,3,0,23,7,0,2,32,5,23,20,27,9,2,13,14,13.5,,,Non-Folivore,Omnivore/Insectivore,1,D,9.45,6.5,12.4,2046.333333,37.5,0.613,0.03,0.504,4596.5,terrestrial,4,forest_savanna_shrubland_grassland,diurnal,least concern,M_Africa,polygynous,Bacteria_Protozoa_Virus_Helminth,4,Vector_Sexual_Vertical_CloseT_Nonclose_Intermediate,6,Direct_Indirect,2,14,1.4,0.7,1.907692308,20463333.33,0.900500619,144
Euoticus_elegantulus,1,0,0,0,0,0,0,2,13.03902595,1.352041425,71.35229121,6.221440463,-5.676233854,18.39980125,6.551853324,0,0,0,0,1,0,0,1,0,1,0,0,0,0,0,1,1,,,,Non-Folivore,Other,1,S,0.2615,0.261,0.287,4.6,2.5,,,,,arboreal,1,forest,nocturnal,least concern,M_Africa,,Virus,1,Vector,1,Indirect,1,1,,17.5,1.099616858,46000,,115
Euoticus_inustus,1,0,0,0,0,0,0,1,29.52262418,-0.712668556,7.048915008,24.75872803,-4.201217352,33.16047633,4.367126465,,,,,,,,,,,,,,,,0,,,,,Non-Folivore,Omnivore/Insectivore,1,D,0.21,0.212,0.207,,,,,,,arboreal,1,forest,nocturnal,least concern,M_Africa,,,0,,0,,0,,,,0.975845411,,,
Galago_alleni,0.75,0,0,0,0,0,0,4,13.15423918,2.239182352,50.89753159,6.408376544,-1.979021563,18.63505266,6.610366549,,,,,,,,,,,,,,,,0,,,,,Non-Folivore,Other,3,,0.266666667,0.2745,0.27185,12.822,2,-0.049,-0.218,,,arboreal,1,forest,nocturnal,least concern,M_Africa,dispersed,,0,,0,,0,,,17.5,0.990251977,128220,,
Galago_granti,1,0,0,0,0,0,0,1,,,,,,,,,,,,,,,,,,,,,,,0,,,,,Non-Folivore,Omnivore/Insectivore,1,S,0.134,,0.157,2.5,,,,,,arboreal,1,forest,nocturnal,least concern,M_Africa,,,0,,0,,0,,,,,25000,,
Galago_senegalensis,0.333333333,1,0,0,0,0,0,3,20.73820557,0.451971564,992.9205662,-17.53523636,-27.35573381,46.50067139,17.84509277,13,1,0,0,4,1,0,4,11,8,0,0,6,4,0,12,11,,,,Non-Folivore,Omnivore/Insectivore,1,S,0.216666667,0.206333333,0.24,6.433333333,1,0.031,-0.074,,,arboreal,2,forest_savanna,nocturnal,least concern,M_Africa,dispersed,Arthropod_Bacteria_Virus_Helminth,4,Vector_CloseT_Nonclose,3,Direct_Indirect,2,11,,90.5,1.163166397,64333.33333,,119
Galago_zanzibaricus,1,0,0,0,0,0,0,2,,,,,,,,2,0,0,0,0,0,0,0,2,2,0,0,0,2,0,1,2,,,,Non-Folivore,Omnivore/Insectivore,1,S,0.14,0.1335,0.15,2.083333333,,,,,1738.5,arboreal,1,forest,nocturnal,least concern,M_Africa,,Arthropod,1,Nonclose,1,Direct_Indirect,2,2,,,1.123595506,20833.33333,10.67432089,2
Galagoides_demidoff,1,0,0,0,0,0,0,4,14.60251508,1.113566301,359.5328405,-16.747811,-10.29909526,33.10153247,13.19881896,2,0,18,0,0,46,0,6,50,22,0,0,2,36,10,5,15,,,,Non-Folivore,Omnivore/Insectivore,1,['S' 'D'],0.23625,0.2832,0.285266667,1.6,2.777777778,0.055,-0.135,,,arboreal,1,forest,nocturnal,least concern,M_Africa,dispersed,Arthropod_Protozoa_Helminth,3,Vector_CloseT_Nonclose_Intermediate,4,Direct_Indirect,2,15,,65,1.007297552,16000,,117
Gorilla_gorilla,1,0,0,0,0,0,0,2,14.34149166,0.620315882,60.609353,8.69547081,-5.365464408,29.83721763,6.474335592,11,28,64,2,37,101,2,44,153,84,23,15,86,120,31,65,104,3.6,,,Folivore,Other,1,D,126.25,86.6,165.9,1601.277778,9.244117647,-0.188,-0.565,0.43,989.1,both,1,forest,diurnal,endangered,M_Africa,polygynous,Arthropod_Bacteria_Protozoa_Fungus_Virus_Helminth_NoEntry,7,Vector_Sexual_Vertical_CloseT_Nonclose_Intermediate,6,Direct_Indirect,2,103,0.696666667,1,1.915704388,16012777.78,0.219054311,194
Hapalemur_griseus,0.75,0,0,0,0.25,0,0,4,47.19408032,-17.76225484,11.27445903,43.92731476,-25.11552905,50.4389,-12.67086441,1,0,1,0,0,3,0,2,3,2,0,0,1,2,0,4,4,1,,,Folivore,Other,2,D,0.936625,0.957,0.91225,13.46166667,4.6,,,,419,arboreal,2,forest_wetlands,cathemeral,vulnerable,Madagascar,variable,Arthropod_Protozoa_Helminth,3,Vector_CloseT_Nonclose,3,Direct_Indirect,2,4,,,0.950945465,134616.6667,1.01206766,113
Hapalemur_simus,1,0,0,0,0,0,0,1,47.88333558,-20.19170369,0.147763148,46.9359,-22.44716441,48.98213771,-18.05153099,0,0,1,0,3,1,0,0,5,0,0,0,4,5,0,3,4,3,,,Folivore,Other,1,D,1.98,2.2,1.769,51.185,23.3,,,,,arboreal,1,forest,cathemeral,endangered,Madagascar,variable,Protozoa_Virus_Helminth,3,CloseT_Nonclose,2,Direct,1,4,,,0.756359525,511850,,111
Hylobates_concolor,1,0,0,0,0,0,0,7,105.1194467,17.60660242,17.45149105,99.02609827,10.49400008,109.3418045,24.77876316,0,0,0,0,0,1,0,1,0,1,0,0,0,0,0,1,1,6.614285714,,,Non-Folivore,Other,2,['D' 'S'],6.871428571,6.7766,6.876,170.8163636,4.202777778,0.481,0.322,0.095,1023.494,arboreal,1,forest,diurnal,endangered,Asia,monogamy,Helminth,1,Vector,1,Indirect,1,1,,2.9,1.014668123,1708163.636,0.694009644,126
Hylobates_hoolock,1,0,0,0,0,0,0,2,93.99243224,24.06767794,37.9826147,89.62526222,17.38645743,98.38544866,30.10111892,0,0,0,0,0,1,0,1,0,1,0,0,0,0,0,1,1,3,,,Non-Folivore,Other,2,D,7.04,6.88,6.87,57.91666667,3.105,0.337,0.319,0.066,1050,arboreal,1,forest,diurnal,vulnerable,Asia,monogamy,Helminth,1,Vector,1,Indirect,1,1,,9.7,0.998544396,579166.6667,1.222735329,126
Hylobates_klossii,1,0,0,0,0,0,0,1,99.32542116,-1.851900247,0.488091616,98.58380127,-3.349012613,100.4758072,-0.916830599,,,,,,,,,,,,,,,,0,,,,,Non-Folivore,Other,1,D,5.8,5.92,5.67,33.3,4.3,,,,1508,arboreal,1,forest,diurnal,endangered,Asia,monogamy,,0,,0,,0,,,,0.955908289,333000,2.315923265,
Hylobates_lar,1,0,0,0,0,0,0,7,106.3950199,4.562708643,145.8000194,95.49499085,-7.816072941,119.2675018,23.39537601,0,0,12,0,1,8,0,11,8,12,1,0,3,7,1,5,15,8.4,,,Non-Folivore,Other,2,D,5.83,5.821428571,5.84,37,3.910588235,0.433,0.309,0.118,1427,arboreal,1,forest,diurnal,endangered,Asia,monogamy,Protozoa_Virus_Helminth,3,Vector_Sexual_CloseT_Nonclose_Intermediate,5,Direct_Indirect,2,15,15.9,8.3,1.003190184,370000,2.079064925,131
Hylobates_pileatus,1,0,0,0,0,0,0,1,103.6033592,13.27007307,10.14505445,100.9487735,10.48761463,106.0302277,15.30692959,,,,,,,,,,,,,,,,0,,12,,,Non-Folivore,Other,1,D,5.47,5.44,5.5,36,4,,,,833,arboreal,1,forest,diurnal,endangered,Asia,,,0,,0,,0,,,23.7,1.011029412,360000,1.230378382,
Hylobates_syndactylus,1,0,0,0,0,0,0,1,101.0857705,0.153897108,27.69618589,95.18966674,-5.945017808,105.9128265,5.941443792,0,0,0,0,0,2,0,0,2,0,0,0,0,2,0,1,2,4.5,,,Folivore,Other,1,D,11.3,10.7,11.9,17.3,3.5875,0.348,0.184,0.124,906,arboreal,1,forest,diurnal,endangered,Asia,monogamy,Helminth,1,Nonclose,1,Direct,1,2,,1.4,1.112149533,173000,1.930412348,126
Indri_indri,1,0,0,0,0,0,0,1,48.93683915,-17.18295812,2.553403331,47.8356,-19.81976441,49.8129564,-14.66536441,7,7,1,0,0,7,0,1,18,7,0,0,9,15,2,6,16,,,,Folivore,Other,1,D,6.465,6.9875,5.83,18.625,2.447777778,-0.354,-0.453,,300,arboreal,1,forest,diurnal,endangered,Madagascar,monogamy,Arthropod_Bacteria_Protozoa_Helminth,4,Vector_CloseT_Nonclose_Intermediate,4,Direct_Indirect,2,16,13.75,12.5,0.801457976,186250,0.616052969,117
Lagothrix_flavicauda,1,0,0,0,0,0,0,1,-77.54458717,-6.597053118,1.979914591,-78.72308722,-8.802078448,-76.57409914,-5.216484767,,,,,,,,,,,,,,,,0,,2.3,,,Non-Folivore,Other,1,D,7.25,6,8.5,114.5,10.9,,,,1000,arboreal,1,forest,diurnal,endangered,Neotropics,,,0,,0,,0,,,7,1.416666667,1145000,0.828213294,
Lagothrix_lagotricha,0.75,0.5,0,0,0,0,0,4,-68.8699184,-4.786215551,233.2072919,-78.7082,-15.25256441,-54.7181,8.951735592,0,0,9,0,0,6,0,13,1,14,0,0,0,1,1,9,7,,,,,,,,,,,,,,,,,,,,,,,,Protozoa_Helminth,2,Vector_Nonclose_Intermediate,3,Direct_Indirect,2,,,,,,,7
Lemur_catta,1,0,1,0,0,0,0,1,44.79354304,-23.1439679,8.826274654,43.2248764,-25.60895157,47.3397,-20.78292351,6,9,4,0,0,5,0,0,22,5,0,2,7,14,1,4,20,7,,,Folivore,Other,1,D,2.21,2.21,2.21,13.05333333,12.81428571,0.161,-0.006,,1050,both,2,forest_shrubland,diurnal,endangered,Madagascar,multimale-multifemale,Arthropod_Bacteria_Protozoa_Helminth,4,Vertical_CloseT_Nonclose_Intermediate,4,Direct_Indirect,2,20,209.5,168,1,130533.3333,2.575570995,119
Lemur_coronatus,1,0,0,0,0,0,0,1,49.35699521,-12.83254192,0.519243086,48.9627,-13.32026441,49.8421,-11.96296692,1,0,0,0,0,0,0,0,1,0,0,0,1,0,0,1,1,4,,,Non-Folivore,Other,1,D,1.47,1.62,1.69,6.265,4.193333333,,,,,arboreal,1,forest,cathemeral,endangered,Madagascar,polygynous,Arthropod,1,CloseT,1,Direct,1,1,,,1.043209877,62650,,1
Lemur_fulvus,1,0,0,0,0,0,0,7,46.81448052,-18.14328956,12.79263546,43.2248764,-25.10190314,50.48377991,-12.25900459,5,4,8,0,4,18,0,4,35,5,0,1,22,29,0,13,26,4.75,5.3,11.3,Non-Folivore,Other,2,D,2.026428571,2.166555556,2.10025,37.05533333,7.788947368,,,,981.6777778,arboreal,1,forest,cathemeral,near threatened,Madagascar,multimale-multifemale,Arthropod_Bacteria_Protozoa_Virus_Helminth,5,Vector_Vertical_CloseT_Nonclose,4,Direct_Indirect,2,26,,,0.968429684,370553.3333,1.429185293,26
Lemur_macaco,1,0,0,0,0,0,0,2,48.38602606,-13.94164906,0.882137246,47.69253159,-14.61720371,49.0663,-13.30896959,1,7,1,0,0,9,0,1,14,6,0,0,8,12,2,7,14,26.03,,,Non-Folivore,Other,2,D,1.97,1.983333333,2.036666667,9.126666667,9.557142857,,,,583,arboreal,1,forest,cathemeral,vulnerable,Madagascar,multimale-multifemale,Arthropod_Bacteria_Protozoa_Helminth,4,Vector_CloseT_Nonclose_Intermediate,4,Direct_Indirect,2,14,,,1.026890756,91266.66667,1.710241344,14
Lemur_mongoz,1,0,0,0,0,0,0,1,45.99734867,-15.2386777,0.701550233,43.21578979,-16.47076441,47.5839,-11.36238098,1,0,0,0,0,3,0,1,3,1,0,0,2,2,0,2,4,13,,,Folivore,Other,1,D,1.375,1.56,1.41,3.925,3.65,,,,712.6666667,arboreal,1,forest,cathemeral,endangered,Madagascar,monogamy,Arthropod_Helminth,2,Vector_CloseT_Nonclose,3,Direct_Indirect,2,4,,,0.893617021,39250,3.187950404,4
Lemur_rubriventer,1,0,0,0,0,0,0,1,48.67215756,-17.08330377,4.2352901,46.8385,-22.65006441,50.0318,-13.57846441,0,0,1,0,4,5,0,0,8,2,0,0,5,8,2,3,6,,,,Non-Folivore,Other,2,D,1.9975,1.96,2.07,16.35,3.9,,,,280.3333333,arboreal,1,forest,cathemeral,vulnerable,Madagascar,monogamy,Protozoa_Virus_Helminth,3,CloseT_Nonclose_Intermediate,3,Direct_Indirect,2,6,,,1.056122449,163500,0.614413576,6
Leontopithecus_chrysomelas,1,0,0,0,0,0,0,1,-39.59628069,-15.15000821,1.69781701,-40.2456,-16.03936441,-38.9364,-14.10196441,0,0,7,0,1,1,0,8,0,9,0,0,0,0,1,4,3,12,,,Non-Folivore,Omnivore/Insectivore,1,D,0.58,0.535,0.62,62.03333333,5,,,,1753,arboreal,1,forest,diurnal,endangered,Neotropics,monogamy,Protozoa_Virus_Helminth,3,Vector_Intermediate,2,Indirect,1,3,,,1.158878505,620333.3333,1.972487672,131
Leontopithecus_chrysopygus,1,0,0,0,0,0,0,2,-49.35460611,-23.15939929,5.644749719,-53.0666,-25.49336441,-47.5348,-21.79446441,0,0,1,0,0,0,0,1,0,1,0,0,0,0,0,1,1,8.275,,,Non-Folivore,Other,1,D,0.5975,0.551,0.606,199.875,5.016666667,,,,1921.901667,arboreal,1,forest,diurnal,endangered,Neotropics,monogamy,Protozoa,1,Vector,1,Indirect,1,1,,,1.099818512,1998750,1.204749808,131
Leontopithecus_rosalia,1,0,0,0,0,0,0,1,-42.20334547,-22.65290637,0.350618495,-42.656,-22.99756441,-41.7219,-22.27576441,5,0,19,0,0,13,0,19,5,31,0,0,5,6,11,7,9,,,,Non-Folivore,Other,1,S,0.64,0.622,0.663,96.1,5.415,,,,1606,arboreal,1,forest,diurnal,endangered,Neotropics,monogamy,Arthropod_Protozoa_Helminth,3,Vector_CloseT_Nonclose_Intermediate,4,Direct_Indirect,2,9,,,1.065916399,961000,1.451873531,131
Lepilemur_mustelinus,1,0,0,0,0,0,0,26,46.9696126,-18.74112682,9.802740781,43.63779449,-25.54099248,50.36863,-12.44316776,17,3,0,0,0,13,0,3,30,4,0,0,12,19,0,10,28,23.3,,,Folivore,Other,3,D,0.861177778,0.873375,0.889555556,1.655625,1.2725,0.181,-0.0555,,525.2,arboreal,1,forest,nocturnal,near threatened,Madagascar,monogamy,Arthropod_Bacteria_Helminth,3,Vector_CloseT_Nonclose,3,Direct_Indirect,2,16,,304,1.01852647,16556.25,3.617334499,120
Loris_tardigradus,1,0,0,0,0,0,0,2,78.00694678,11.25599858,18.70354655,74.31520304,5.980375746,81.55803263,15.11841131,,,,,,,,,,,,,,,,0,,10,10,38,Non-Folivore,Omnivore/Insectivore,1,D,0.23,86.72066667,0.228,7.076666667,3.78,,,,,arboreal,1,forest,nocturnal,least concern,Asia,dispersed,,0,,0,,0,,,,-378.3538012,70766.66667,,
Macaca_arctoides,1,0,0,0,0,0,0,1,101.8585791,21.71067586,124.6229578,89.88770856,6.289626327,114.4033585,28.72155256,0,0,0,0,2,0,0,0,2,0,1,1,2,0,0,2,2,,,,Folivore,Other,1,D,10.3,8.4,12.2,461.5,15,,,,,terrestrial,1,forest,diurnal,vulnerable,Asia,multimale-multifemale,Virus,1,Sexual_Vertical_CloseT,3,Direct,1,2,,,1.452380952,4615000,,162
Macaca_assamensis,0.5,0,0,0,0,0,0,2,98.79432262,24.437063,161.3571155,80.53230082,13.23001673,112.6069151,32.087252,0,0,1,0,0,1,0,2,0,2,0,0,0,0,0,2,2,11.5,,,Non-Folivore,Other,2,D,9,6.7,11.3,233.4333333,24.2625,,,,1900,arboreal,1,forest,diurnal,near threatened,Asia,multimale-multifemale,Protozoa_Helminth,2,Vector,1,Indirect,1,2,,,1.686567164,2334333.333,1.102090112,166
Macaca_cyclopis,1,0,0,0,0,0,0,1,122.7623116,25.39703416,2.410138786,120.0589447,22.57969332,141.4759369,41.54622269,0,0,12,0,0,5,0,14,1,16,0,0,1,1,2,7,8,11.3,,,Non-Folivore,Other,2,S,5.47,4.94,6,139,27.06666667,,,,2064.5,both,1,forest,diurnal,least concern,Asia,multimale-multifemale,Protozoa_Helminth,2,Vector_CloseT_Nonclose_Intermediate,4,Direct_Indirect,2,8,,,1.214574899,1390000,1.551859602,168
Macaca_fascicularis,1,0,0,0,1,0,0,1,108.5363852,5.70354444,222.1686118,91.95294189,-10.37473869,127.3049164,21.54516527,2,0,39,1,25,30,0,33,56,46,10,11,28,32,8,31,48,10.7,,,Non-Folivore,Other,1,D,4.03,3.22,4.85,95,38.525,0.678,-0.031,0.493,1602.9,arboreal,2,forest_wetlands,diurnal,least concern,Asia,multimale-multifemale,Arthropod_Protozoa_Fungus_Virus_Helminth,5,Vector_Sexual_Vertical_CloseT_Nonclose_Intermediate,6,Direct_Indirect,2,48,,58.5,1.50621118,950000,1.457436249,168
Macaca_fuscata,1,0,0,0,0,0,0,1,135.1162697,34.97160373,15.50970037,129.5592194,30.22443962,141.9291687,41.54623413,7,1,4,5,10,114,0,1,109,58,10,10,27,88,32,24,20,14,,,Folivore,Other,1,S,9.5,8.03,10.97,314.65,45.6,0.257,-0.372,0.447,1218,both,1,forest,diurnal,least concern,Asia,multimale-multifemale,Arthropod_Bacteria_Protozoa_Fungus_Virus_Helminth,6,Vector_Sexual_Vertical_CloseT_Nonclose_Intermediate,6,Direct_Indirect,2,20,,31.5,1.366127024,3146500,0.60852491,168
Macaca_maura,1,0,0,1,0,0,0,1,119.8510824,-4.792931284,0.390530502,119.5821734,-5.430138436,120.2225352,-4.047236985,0,0,0,0,6,0,0,0,6,0,6,6,6,0,0,2,1,,,,Non-Folivore,Other,1,D,7.88,6.05,9.72,20,,,,,,both,2,forest_grassland,diurnal,endangered,Asia,multimale-multifemale,Virus,1,Sexual_Vertical_CloseT,3,Direct,1,1,,,1.60661157,200000,,1
Macaca_mulatta,1,1,1,0,0,0,0,1,92.21780838,26.23010333,680.6150694,63.44205343,15.15255037,121.2786369,35.99506666,0,3,14,0,68,7,7,9,82,10,37,41,74,19,2,18,36,19.5,,,Non-Folivore,Other,2,,5.96,4.41,6.99,617.3928571,45.0875,0.297,-0.348,0.463,923,both,3,forest_savanna_shrubland,diurnal,least concern,Asia,multimale-multifemale,Bacteria_Protozoa_Virus_Helminth_NoEntry,5,Vector_Sexual_Vertical_CloseT_Nonclose_Intermediate,6,Direct_Indirect,2,35,11.78,113,1.585034014,6173928.571,0.329204559,169
Macaca_nemestrina,1,0,0,0,0,0,0,4,103.5451065,11.00086123,242.0353796,89.64146516,-5.945017814,119.2675018,29.11561486,0,0,20,0,3,0,0,21,2,21,1,1,2,0,0,9,11,8.536666667,3.52,2.5,Non-Folivore,Other,1,D,6.86,5.505,8.67,185.84,41.825,0.686,-0.076,0.554,1761.856667,both,1,forest,diurnal,vulnerable,Asia,multimale-multifemale,Protozoa_Virus,2,Vector_Sexual_Vertical_CloseT,4,Direct_Indirect,2,11,,34.8,1.57493188,1858400,1.145370297,162
Macaca_nigra,1,0,0,0,0,0,0,2,124.4512545,0.678763442,1.41677147,122.9021533,-0.888694465,127.9021912,1.884250044,0,0,2,0,7,0,0,2,7,2,7,7,7,0,0,4,3,28.5,,,Non-Folivore,Other,1,D,6.665,5.485,7.845,216,22.7625,0.715,-0.093,0.576,2002.5,both,1,forest,diurnal,vulnerable,Asia,multimale-multifemale,Protozoa_Virus,2,Vector_Sexual_Vertical_CloseT,4,Direct_Indirect,2,3,,24.9,1.430264357,2160000,1.207509594,162
Macaca_ochreata,1,0,0,0,0,0,0,1,121.9159116,-3.771376413,3.506848438,120.7692516,-5.70324993,123.2244644,-2.208062424,0,0,0,0,1,0,0,0,1,0,1,1,1,0,0,1,1,14,,,Non-Folivore,Other,1,D,3.95,2.6,5.3,57,3,,,,,both,1,forest,diurnal,vulnerable,Asia,multimale-multifemale,Virus,1,Sexual_Vertical_CloseT,3,Direct,1,1,,,2.038461538,570000,,163
Macaca_radiata,1,1,1,0,0,0,0,1,76.89560702,14.45121538,52.22750367,72.65936279,8.06900692,80.92037851,20.47648048,1,1,16,0,8,0,2,21,5,22,0,0,3,2,0,14,12,35.66666667,,,Non-Folivore,Other,1,D,5.14,3.69,6.6,224.3,21.92142857,,,,933.3333333,both,3,forest_savanna_shrubland,diurnal,least concern,Asia,multimale-multifemale,Arthropod_Bacteria_Protozoa_Virus_NoEntry,5,Vector_CloseT_Nonclose,3,Direct_Indirect,2,11,,35,1.788617886,2243000,0.552289874,166
Macaca_silenus,1,0,0,0,0,0,0,1,76.14297248,11.47424381,2.312948591,74.56957767,8.317741218,77.53795169,14.40810467,0,0,4,0,0,19,0,1,16,8,0,1,4,17,6,3,19,7.3,,,Non-Folivore,Other,1,D,7.5,6.1,8.9,251.8266667,19,,,,2000,arboreal,1,forest,diurnal,endangered,Asia,multimale-multifemale,Protozoa_Helminth,2,Vector_Vertical_CloseT_Nonclose_Intermediate,5,Direct_Indirect,2,19,,,1.459016393,2518266.667,1.11692517,164
Macaca_sinica,1,0,0,0,0,0,0,1,80.82124887,7.473478371,3.805325761,79.843071,5.916833411,81.71882267,9.509680143,0,1,38,0,12,16,0,16,51,22,5,5,30,36,0,9,22,,,,Non-Folivore,Other,1,D,4.48,3.3,5.66,66,22.65,0.461,-0.002,0.42,,arboreal,1,forest,diurnal,endangered,Asia,multimale-multifemale,Bacteria_Protozoa_Virus_Helminth,4,Vector_Sexual_Vertical_CloseT_Nonclose,5,Direct_Indirect,2,22,,100,1.715151515,660000,,166
Macaca_sylvanus,1,0,1,0,0,1,0,1,-3.012113219,33.86820077,4.048958411,-6.996839457,31.26366625,6.815964391,36.77281923,0,0,0,1,7,0,0,1,7,1,5,6,7,0,0,4,4,11.5,,,Non-Folivore,Omnivore/Insectivore,1,D,13.5,11,16,537.5,32.97142857,,,,1720,both,3,forest_shrubland_rocky.areas,diurnal,endangered,M_Africa,multimale-multifemale,Fungus_Virus,2,Vector_Sexual_Vertical_CloseT,4,Direct_Indirect,2,4,,30.6,1.454545455,5375000,0.657482433,151
Macaca_thibetana,1,0,0,0,0,0,0,2,108.4995288,28.37696693,122.436255,91.61622542,24.00200888,120.229682,33.52745214,,,,,,,,,,,,,,,,0,,16.8,0,42,Non-Folivore,Other,2,D,15.275,12.8,16.65,929.1,27.86666667,,,,1500,terrestrial,1,forest,diurnal,near threatened,Asia,multimale-multifemale,,0,,0,,0,,,,1.30078125,9291000,0.436118962,
Macaca_tonkeana,1,0,0,0,0,0,0,2,120.7059672,-1.44920224,8.559653756,118.7525027,-3.736003638,123.4562605,1.354875088,1,0,2,0,1,10,0,2,9,7,1,1,1,8,3,2,9,12.85,14.7,19.9,Non-Folivore,Other,2,D,10.475,7.9,13.05,102.375,12.5,,,0.397,,both,1,forest,diurnal,vulnerable,Asia,multimale-multifemale,Arthropod_Protozoa_Virus_Helminth,4,Vector_Sexual_Vertical_CloseT_Nonclose_Intermediate,6,Direct_Indirect,2,9,,,1.651898734,1023750,,163
Mandrillus_leucophaeus,1,1,0,0,0,1,0,1,9.474273315,5.081602222,3.596684475,8.178606733,3.209956408,11.04477324,6.469509604,3,0,3,0,2,3,0,4,4,7,2,2,4,2,3,11,8,,,,Non-Folivore,Omnivore/Insectivore,1,,20.375,9.25,20.75,2750,27.4,1.028,-0.205,0.878,,both,3,forest_savanna_rocky.areas,diurnal,endangered,M_Africa,multimale-multifemale,Arthropod_Protozoa_Virus_Helminth,4,Vector_Sexual_Vertical_CloseT_Nonclose_Intermediate,6,Direct_Indirect,2,8,,,2.243243243,27500000,,154
Mandrillus_sphinx,1,0,0,0,0,0,0,1,11.59925415,0.283790128,27.10361513,8.884961131,-4.53755136,14.55817238,4.497062206,1,1,16,0,13,23,0,6,40,20,13,14,30,28,8,17,27,,,,Non-Folivore,Omnivore/Insectivore,1,,23.6,12.8,34.4,6160.5,363.55,,,,2881.5,terrestrial,1,forest,diurnal,vulnerable,M_Africa,multimale-multifemale,Arthropod_Bacteria_Protozoa_Virus_Helminth,5,Vector_Sexual_Vertical_CloseT_Nonclose_Intermediate,6,Direct_Indirect,2,27,,,2.6875,61605000,0.325353575,154
Microcebus_murinus,0.888888889,0,0.222222222,0,0,0,0,9,44.84011781,-20.86431743,10.64460175,43.2248764,-25.60895157,48.54925187,-13.86745773,15,0,0,0,0,69,0,2,44,37,0,0,8,41,32,16,25,5,,,Non-Folivore,Other,3,D,0.048769231,0.052177778,0.048414286,1.935384615,2,-0.013,0.059,,1468.5,arboreal,2,forest_shrubland,nocturnal,least concern,Madagascar,dispersed,Arthropod_Helminth,2,Vector_CloseT_Nonclose_Intermediate,4,Direct_Indirect,2,25,103.3,1150,0.922264844,19353.84615,9.35481599,128
Microcebus_ogouensis,1,0,0,0,0,0,0,1,12.11736026,0.1370173,39.58192713,8.69547081,-5.396083885,15.57660603,6.21106,,,,,,,,,,,,,,,,0,,,,,,,,,,,,,,,,,,,,,,,,,,0,,0,,0,,,,,,,
Microcebus_rufus,1,0,0,0,0,0,0,8,48.06709938,-19.42591326,0.645869992,46.8447863,-22.32051395,49.58967,-14.58916441,13,0,3,0,4,18,0,1,35,16,0,0,18,26,2,10,28,,,,Non-Folivore,Omnivore/Insectivore,2,D,0.053318182,0.0526,0.053666667,0.675,,-0.188,-0.118,,,arboreal,1,forest,nocturnal,vulnerable,Madagascar,dispersed,Arthropod_Protozoa_Virus_Helminth,4,Vector_CloseT_Nonclose_Intermediate,4,Direct_Indirect,2,14,,,1.020278834,6750,,118
Microcebus_tavaratra,1,0,0,0,0,0,0,4,49.26545411,-13.22436604,0.437598135,48.27634421,-14.44419751,49.80164586,-12.32384953,,,,,,,,,,,,,,,,0,,,,,Non-Folivore,Omnivore/Insectivore,2,D,0.052857143,0.049,,,,,,,,arboreal,1,forest,nocturnal,vulnerable,Madagascar,,,0,,0,,0,,,,,,,
Miopithecus_talapoin,1,0,0,0,1,0,0,1,16.08976736,-6.538453611,32.65452435,12.27004147,-12.82360646,20.18226162,-2.384023138,1,1,2,0,3,8,0,7,5,10,3,4,5,1,3,8,9,,,,Non-Folivore,Omnivore/Insectivore,1,,1.25,1.12,1.38,311,,0.431,-0.026,0.331,,both,2,forest_wetlands,diurnal,least concern,M_Africa,multimale-multifemale,Arthropod_Bacteria_Protozoa_Virus_Helminth,5,Vector_Sexual_Vertical_CloseT_Nonclose_Intermediate,6,Direct_Indirect,2,9,,71.3,1.232142857,3110000,,141
Mirza_coquereli,1,0,0,0,0,0,0,2,45.34168883,-19.27732421,5.080471138,43.7587,-23.60646441,49.0542,-13.19743156,0,0,0,0,0,4,0,0,2,2,0,0,0,2,2,1,4,,,,Non-Folivore,Omnivore/Insectivore,1,D,0.303333333,0.308,0.302666667,2.72,,,,,,arboreal,1,forest,nocturnal,endangered,Madagascar,,Helminth,1,Nonclose_Intermediate,2,Direct_Indirect,2,4,,140,0.982378855,27200,,113
Nasalis_larvatus,1,0,0,0,0,0,0,1,114.0446105,0.242661897,43.80855956,109.0344086,-4.083027196,119.2298966,6.535087576,0,0,0,0,0,17,0,0,11,9,0,0,1,11,6,5,14,6.1,46,0.1,Folivore,Other,1,D,15.75,10.48,21.02,389.85,13.82307692,0.231,-0.32,0.467,748,arboreal,1,forest,diurnal,endangered,Asia,polygynous,Helminth,1,CloseT_Nonclose_Intermediate,3,Direct_Indirect,2,14,32.615,34.2,2.005725191,3898500,0.33573589,129
Nycticebus_coucang,0.857142857,0,0,0,0,0,0,7,103.1726409,12.18729731,290.4483276,89.64882986,-7.972873304,120.255248,28.36641809,0,0,2,0,1,9,0,3,6,7,0,0,2,6,3,10,10,3,,,Non-Folivore,Other,3,D,0.675,0.82225,0.695,7.651666667,2.083333333,,,,,arboreal,1,forest,nocturnal,vulnerable,Asia,dispersed,Protozoa_Virus_Helminth,3,Vector_CloseT_Nonclose_Intermediate,4,Direct_Indirect,2,10,,20,0.816906475,76516.66667,,116
Nycticebus_pygmaeus,1,0,0,0,0,0,0,1,105.4085727,18.07516606,41.21215182,100.0825576,10.31661133,109.4646378,23.49123321,,,,,,,,,,,,,,,,0,,,,,Non-Folivore,Other,1,D,0.42,0.376,0.462,9.3,1,,,,97.2,arboreal,1,forest,nocturnal,vulnerable,Asia,,,0,,0,,0,,,,1.228723404,93000,0.28246831,
Otolemur_crassicaudatus,1,1,1,0,0,0,0,1,28.20961788,-12.29394303,404.6308122,11.73232746,-30.50251878,40.84062588,1.058457136,13,0,1,0,4,2,0,5,12,14,0,0,3,10,2,8,14,14,,,Non-Folivore,Omnivore/Insectivore,1,S,1.15,1.11,1.19,8.5,,0.167,0.023,,,arboreal,3,forest_savanna_shrubland,nocturnal,least concern,M_Africa,dispersed,Arthropod_Protozoa_Virus_Helminth,4,Vector_CloseT_Nonclose_Intermediate,4,Direct_Indirect,2,14,,,1.072072072,85000,,121
Otolemur_garnettii,1,0,0,0,0,0,0,1,37.71955221,-6.355976948,46.53268945,34.05407715,-11.87689209,44.72548721,1.871276855,1,0,0,0,0,0,0,0,0,0,0,0,0,0,0,1,1,,,,Non-Folivore,Omnivore/Insectivore,2,S,0.76,0.734,0.794,14.17,,,,,2.133333333,arboreal,1,forest,nocturnal,least concern,M_Africa,dispersed,Arthropod,1,,0,,0,1,,,1.081743869,141700,0.005022486,121
Pan_paniscus,1,0,0,0,0,0,0,1,21.69677905,-1.308651299,33.7984868,16.17327776,-4.384763889,25.77096496,2.144125,2,8,3,1,12,13,0,6,31,8,3,4,23,10,1,15,21,,,,Non-Folivore,Omnivore/Insectivore,1,D,39.1,33.2,45,4000,11.23666667,-0.384,-0.645,0.233,2000,both,1,forest,diurnal,endangered,M_Africa,multimale-multifemale,Arthropod_Bacteria_Protozoa_Fungus_Virus_Helminth,6,Vector_Sexual_Vertical_CloseT_Nonclose_Intermediate,6,Direct_Indirect,2,21,,1.9,1.355421687,40000000,0.280249561,183
Pan_troglodytes,1,1,0,0,0,0,0,1,13.17975288,3.232848523,188.867991,-15.55643654,-8.368171723,31.97476389,13.56977309,8,19,173,4,121,142,4,70,309,148,79,78,222,214,45,110,102,14.05,9.8,11.9,Non-Folivore,Omnivore/Insectivore,1,D,53.7,47.4,60,1916.47,48.44416667,-0.049,-0.306,0.245,2225,both,2,forest_savanna,diurnal,endangered,M_Africa,multimale-multifemale,Arthropod_Bacteria_Protozoa_Fungus_Virus_Helminth_NoEntry,7,Vector_Sexual_Vertical_CloseT_Nonclose_Intermediate,6,Direct_Indirect,2,101,,3.5,1.265822785,19164700,0.45042651,183
Papio_anubis,1,1,1,1,0,0,0,1,19.70462043,7.868558146,644.3417123,-12.13015507,-6.653438123,43.47126493,22.29699457,23,26,54,0,16,99,0,18,134,97,31,9,93,95,61,53,70,13.2,,,Non-Folivore,Omnivore/Insectivore,1,I,16.65,12.2,21.1,2260,40.525,,,,3384.25,terrestrial,4,forest_savanna_shrubland_grassland,diurnal,least concern,M_Africa,multimale-multifemale,Arthropod_Bacteria_Protozoa_Virus_Helminth,5,Vector_Sexual_Vertical_CloseT_Nonclose_Intermediate,6,Direct_Indirect,2,70,,15,1.729508197,22600000,0.630889296,225
Papio_cynocephalus,1,1,0.5,0,0,0,0,2,29.32561399,-8.469795471,353.488597,12.27004242,-18.52959296,46.40852453,6.092073123,17,24,31,0,17,63,0,17,108,66,24,8,69,66,28,28,68,12.19,,,Non-Folivore,Other,2,S,15.025,11.1,18.9,1654.2,65,0.394,-0.444,0.632,5150,terrestrial,3,forest_savanna_shrubland,diurnal,least concern,M_Africa,multimale-multifemale,Arthropod_Bacteria_Protozoa_Virus_Helminth,5,Vector_Sexual_Vertical_CloseT_Nonclose_Intermediate,6,Direct_Indirect,2,68,,20.8,1.702702703,16542000,1.122168727,225
Papio_hamadryas,0,0,1,1,0,1,0,1,42.05892691,12.03516647,50.7448552,37.27227291,4.391662724,46.73071671,18.0612748,0,0,34,0,2,30,0,1,50,16,1,1,25,49,14,7,21,20,,,Non-Folivore,Omnivore/Insectivore,1,I,13.4,9.9,16.9,1865,100.825,0.56,-0.283,,9625,terrestrial,3,shrubland_grassland_rocky.areas,diurnal,least concern,M_Africa,polygynous,Protozoa_Virus_Helminth,3,Vector_Sexual_Vertical_CloseT_Nonclose_Intermediate,6,Direct_Indirect,2,21,,1.8,1.707070707,18650000,1.975178096,225
Papio_papio,1,1,0,1,0,0,0,1,-13.11844758,13.63430667,36.95506702,-16.82507896,9.049798965,-10.45183754,18.63408852,2,2,6,0,5,20,0,5,22,16,4,2,13,17,9,12,27,11.3,,,Non-Folivore,Omnivore/Insectivore,1,,17.5,12,23,3250,195.75,,,,8000,terrestrial,3,forest_savanna_grassland,diurnal,near threatened,M_Africa,polygynous,Arthropod_Bacteria_Protozoa_Virus_Helminth,5,Vector_Sexual_Vertical_CloseT_Nonclose_Intermediate,6,Direct_Indirect,2,27,,10.9,1.916666667,32500000,1.243635891,225
Papio_ursinus,1,1,1,1,0,1,1,1,24.18415544,-23.70239767,297.7428087,11.9862168,-34.83982849,36.2347094,-13.63917599,17,7,33,0,29,87,0,5,118,69,18,18,71,83,45,41,64,,,,Non-Folivore,Omnivore/Insectivore,1,S,22.3,14.8,29.8,1208.295,43.425,,,,4400,terrestrial,6,forest_savanna_shrubland_grassland_rocky.areas_desert,diurnal,least concern,M_Africa,multimale-multifemale,Arthropod_Bacteria_Protozoa_Virus_Helminth,5,Vector_Sexual_Vertical_CloseT_Nonclose_Intermediate,6,Direct_Indirect,2,64,,8.3,2.013513514,12082950,1.121788873,225
Perodicticus_potto,1,0,0,0,0.666666667,0,0,3,15.74330785,0.182141968,326.6031663,-13.29715347,-11.91411632,37.5003729,9.146502683,1,0,10,0,0,2,0,9,1,13,0,0,0,1,2,6,8,28,28,0,Non-Folivore,Other,2,S,0.960333333,0.952333333,1.025,58.63333333,2,0.089,0.065,,2497,arboreal,2,forest_wetlands,nocturnal,least concern,M_Africa,dispersed,Arthropod_Protozoa_Helminth,3,Vector_Nonclose_Intermediate,3,Direct_Indirect,2,8,,13.4,1.076303815,586333.3333,2.889955734,116
Phaner_furcifer,1,0,0,0,0,0,0,4,46.29405408,-18.35433197,6.397577673,43.2248764,-23.24846441,50.48377991,-12.31566441,,,,,,,,,,,,,,,,0,,1.2,,,Non-Folivore,Other,3,D,0.3695,0.3505,0.3275,4.11,2.195,,,,3153.74,arboreal,1,forest,nocturnal,vulnerable,Madagascar,monogamy,,0,,0,,0,,,328,0.929770992,41100,13.78636956,
Pithecia_albicans,1,0,0,0,0,0,0,1,-63.75972577,-4.598474886,5.148635024,-65.86056519,-5.744411312,-61.3691,-2.840833664,,,,,,,,,,,,,,,,0,,,,,Non-Folivore,Other,1,D,3,,3,172.4,4.6,,,,,arboreal,1,forest,diurnal,least concern,Neotropics,,,0,,0,,0,,,4.1,,1724000,,
Pithecia_hirsuta,0,0,0,0,0,0,0,1,-71.52910888,-2.22434707,13.77610642,-75.08475379,-4.102003439,-67.20013344,-0.516504646,,,,,,,,,,,,,,,,0,,,,,Non-Folivore,Other,1,,,,,24.9,,,,,,arboreal,0,,diurnal,endangered,Neotropics,,,0,,0,,0,,,12.8,,249000,,
Pithecia_monachus,0.25,0,0,0,0.166666667,0,0,12,-65.9443256,-7.791628151,168.2623779,-78.37243713,-17.73225403,-55.0738,-0.364459269,0,0,7,0,0,2,0,7,2,7,0,0,2,2,0,5,7,5,,,Non-Folivore,Other,2,D,2.256666667,2.09,2.43,32.55,3.415555556,,,,1403,arboreal,2,forest_wetlands,diurnal,least concern,Neotropics,monogamy,Protozoa_Helminth,2,Vector_CloseT_Nonclose,3,Direct_Indirect,2,7,,,1.162679426,325500,2.179350665,7
Pithecia_pithecia,0.5,0,0,0,0.5,0,0,2,-56.63087036,2.46590274,81.48166296,-63.80157721,-3.326802033,-50.67743683,8.653055191,2,1,6,1,3,4,1,12,4,13,0,0,3,3,0,12,13,,,,Non-Folivore,Other,1,,1.83,1.74,1.92,26.175,4.675,,,0.198,970.175,arboreal,2,forest_wetlands,diurnal,least concern,Neotropics,monogamy,Arthropod_Bacteria_Protozoa_Fungus_Virus_Helminth_NoEntry,7,Vector_CloseT_Nonclose,3,Direct_Indirect,2,12,,3.6,1.103448276,261750,1.680550916,128
Pongo_pygmaeus,1,0,0,0,0,0,0,2,112.4207051,0.26873145,19.86831859,96.34213322,-3.570055485,118.9622227,6.258718957,0,1,16,0,25,21,0,17,37,25,4,3,25,28,7,18,33,0.89,,,Non-Folivore,Other,1,D,56.95,35.7,78.2,418,1.311666667,-0.094,-0.35,0.376,669.3333333,arboreal,1,forest,diurnal,endangered,Asia,dispersed,Bacteria_Protozoa_Virus_Helminth,4,Vector_Sexual_Vertical_CloseT_Nonclose_Intermediate,6,Direct_Indirect,2,33,2.98,3.1,2.19047619,4180000,0.29013442,145
Presbytis_comata,1,0,0,0,0,0,0,5,112.1280055,2.775378497,27.19630767,95.18967438,-7.747111992,119.2675018,7.035139561,,,,,,,,,,,,,,,,0,,4.533333333,,,Folivore,Other,2,D,6.271,6.076,6.466,43.566,7.445454545,,,,650.6,arboreal,1,forest,diurnal,vulnerable,Asia,,,0,,0,,0,,,,1.064186965,435660,0.873544746,
Presbytis_cristata,1,0,0,0,0.142857143,0,0,7,108.4198589,2.540861173,139.5268889,95.18967438,-8.961386677,119.2675018,17.0340053,1,0,10,0,2,34,0,27,13,35,0,0,9,11,7,16,24,6.666666667,,,Folivore,Other,2,D,7.16,5.78,6.91,43.65625,20.63333333,0.308,-0.201,0.281,487,arboreal,2,forest_wetlands,diurnal,near threatened,Asia,polygynous,Arthropod_Protozoa_Virus_Helminth,4,Vector_CloseT_Nonclose_Intermediate,4,Direct_Indirect,2,24,,145,1.19550173,436562.5,0.653206786,139
Presbytis_entellus,1,0.166666667,0.5,0,0,0.166666667,0,6,81.83136699,22.67312685,104.773554,69.14317568,6.102225526,90.04390554,35.68684383,1,2,10,0,10,5,0,10,18,12,0,0,13,13,0,18,17,,,,Folivore,Other,2,D,15.398,12.285,16.19166667,268.4458333,34.75,0.264,-0.168,0.415,853.25,both,4,forest_savanna_shrubland_rocky.areas,diurnal,least concern,Asia,polygynous,Arthropod_Bacteria_Protozoa_Virus_Helminth,5,Vector_CloseT_Nonclose,3,Direct_Indirect,2,17,,52,1.318002985,2684458.333,0.461522527,134
Presbytis_francoisi,1,0,0.333333333,0,0,0.333333333,0,6,106.9914884,24.90891192,24.50361791,104.0324707,16.43816567,109.8833989,29.78822439,0,0,0,0,0,1,0,0,0,1,0,0,0,0,1,1,1,18.6,7.7,5.3,Folivore,Other,2,D,8.022777778,7.444,8.5,58.325,8.711304348,,,,690.2857143,both,3,forest_shrubland_rocky.areas,diurnal,endangered,Asia,polygynous,Helminth,1,Intermediate,1,Indirect,1,1,,,1.141859215,583250,0.801025704,130
Presbytis_frontata,1,0,0,0,0,0,0,1,114.7756133,0.60415653,25.37946112,109.977562,-3.931849252,118.4246902,3.88102007,,,,,,,,,,,,,,,,0,,,,,Folivore,Other,1,D,5.61,5.67,5.56,200,4.61,,,,,arboreal,1,forest,diurnal,vulnerable,Asia,,,0,,0,,0,,,5.7,0.980215827,2000000,,
Presbytis_geei,1,0,0,0,0,0,0,1,90.45379017,26.77912999,0.672802892,89.87347412,26.24847412,90.91772461,27.41247559,,,,,,,,,,,,,,,,0,,4.45,,,Folivore,Other,1,D,10.15,9.5,10.8,208.25,7.9,,,,430.5,arboreal,1,forest,diurnal,endangered,Asia,,,0,,0,,0,,,,1.136842105,2082500,0.26437817,
Presbytis_johnii,1,0,0,0,0,0,0,1,,,,,,,,,,,,,,,,,,,,,,,0,,,,,Folivore,Other,1,D,11.6,11.2,12,355.715,,,,,,arboreal,1,forest,diurnal,vulnerable,Asia,polygynous,,0,,0,,0,,,,1.071428571,3557150,,
Presbytis_laotum,1,0,0,0,0,1,0,1,104.5926601,18.20597204,0.477612648,104.1398773,17.64767278,105.0277117,18.79343796,,,,,,,,,,,,,,,,0,,,,,Folivore,Other,1,D,7,6.5,7.5,,17,,,,,both,2,forest_rocky.areas,diurnal,vulnerable,Asia,,,0,,0,,0,,,,1.153846154,,,
Presbytis_melalophos,1,0,0.25,0.125,0.125,0,0,8,102.4665125,1.806391055,51.6768442,97.99709552,-5.945017338,116.0671891,13.51973438,0,0,3,0,1,4,0,8,0,8,0,0,0,0,0,6,6,,,,Folivore,Other,2,D,6.64375,6.526666667,6.508333333,23.15,4.055555556,0.091,-0.427,0.224,936,arboreal,4,forest_shrubland_grassland_wetlands,diurnal,near threatened,Asia,polygynous,Protozoa_Virus_Helminth,3,Vector,1,Indirect,1,6,,49.5,0.997183099,231500,1.724031878,129
Presbytis_obscura,1,0,0,0,0,0,0,1,100.7921849,7.149596296,21.28534908,97.7707,1.261635593,104.3023,15.18813559,0,0,2,0,0,8,0,6,4,6,0,0,4,4,0,9,4,,,,Folivore,Other,1,D,6.99,6.22,7.77,30.5,14.54,0.152,-0.377,0.316,756.3333333,arboreal,1,forest,diurnal,near threatened,Asia,polygynous,Protozoa_Helminth,2,Vector_CloseT_Nonclose,3,Direct_Indirect,2,4,,31,1.249196141,305000,1.213691365,134
Presbytis_phayrei,1,0.5,0,0,0,0,0,2,99.19065252,20.0301299,99.2177074,90.56632995,14.38750268,106.5153274,26.80056202,0,0,0,0,0,3,0,0,3,0,0,0,3,3,0,3,2,29.5,,,Folivore,Other,2,D,7.045,6.675,7.415,235.48,11.35,,,,1,arboreal,2,forest_savanna,diurnal,endangered,Asia,polygynous,Helminth,1,CloseT_Nonclose,2,Direct,1,2,,,1.110861423,2354800,0.000577521,131
Presbytis_pileata,1,0,0,0,0,0,0,2,93.38112683,24.6019922,28.16511756,89.74033998,20.42004209,98.71313188,28.2444179,,,,,,,,,,,,,,,,0,,4.45,,,Folivore,Other,1,D,10.93,9.86,12,18,8.345,,,,344,arboreal,1,forest,diurnal,vulnerable,Asia,,,0,,0,,0,,,,1.21703854,180000,0.718566772,
Presbytis_potenziani,1,0,0,0,0.5,0,0,2,99.32542116,-1.851900247,0.488091616,98.58380127,-3.349012613,100.4758072,-0.916830599,,,,,,,,,,,,,,,,0,,1,,,Folivore,Other,1,D,6.36,6.405,6.32,21,2,0.088,-0.257,0.171,,arboreal,2,forest_wetlands,diurnal,endangered,Asia,monogamy,,0,,0,,0,,,12.3,0.986550633,210000,,
Presbytis_rubicunda,1,0,0,0,0,0,0,1,114.9790226,0.979806897,40.95163613,108.7856522,-4.024318693,119.2675018,6.665887505,0,0,3,0,0,6,0,0,8,2,0,0,4,8,1,1,9,0.4,,,Folivore,Other,1,D,6.13,6.04,6.22,87.225,6.995555556,0.035,-0.371,0.174,845.8,arboreal,1,forest,diurnal,least concern,Asia,polygynous,Protozoa_Helminth,2,CloseT_Nonclose_Intermediate,3,Direct_Indirect,2,9,,21.5,1.029801325,872250,0.802587021,9
Presbytis_vetulus,1,0,0,0,0,1,0,1,,,,,,,,0,1,2,0,0,1,0,0,4,1,0,0,2,3,0,2,4,,,,Folivore,Other,2,D,7.03,5.9,8.17,5.375,,0.221,-0.346,0.392,,arboreal,2,forest_rocky.areas,diurnal,endangered,Asia,polygynous,Bacteria_Protozoa_Helminth,3,CloseT_Nonclose,2,Direct_Indirect,2,4,,,1.384745763,53750,,132
Procolobus_verus,1,0,0,0,0,0,0,1,-5.380446913,6.561774983,33.73583564,-12.5169363,4.353056908,7.362113649,9.466808585,0,0,8,0,1,6,0,0,14,2,1,1,7,12,1,2,15,4.35,,,Folivore,Other,1,,4.45,4.2,4.7,43.3,18.61428571,0.299,-0.358,0.424,1212,arboreal,1,forest,diurnal,near threatened,M_Africa,multimale-multifemale,Protozoa_Virus_Helminth,3,Sexual_Vertical_CloseT_Nonclose_Intermediate,5,Direct_Indirect,2,15,,21,1.119047619,433000,1.63231365,128
Propithecus_diadema,1,0,0,0,0,0,0,5,48.56255902,-17.89144028,1.960132873,46.83862,-22.3442,49.93515396,-12.69572617,20,0,0,0,3,29,0,3,32,17,0,0,17,24,14,11,17,6.421,,,Folivore,Other,1,D,5.015555556,4.727,4.8125,36.971,4.371428571,-0.39,-0.278,,980.81125,arboreal,1,forest,diurnal,endangered,Madagascar,polygynous,Arthropod_Virus_Helminth,3,Vector_CloseT_Nonclose_Intermediate,4,Direct_Indirect,2,17,,,1.018087582,369710,1.429551417,124
Propithecus_verreauxi,1,0,0.25,0,0,0,0,4,45.54740044,-19.54265293,14.63119043,43.2248764,-25.60895157,48.45653257,-14.50939735,9,3,4,0,0,13,0,8,19,10,0,1,10,16,1,12,19,4.7,,,Folivore,Other,3,D,3.22,3.067666667,3.10075,7.076428571,4.739285714,-0.194,-0.259,,938.3333333,arboreal,2,forest_shrubland,diurnal,endangered,Madagascar,multimale-multifemale,Arthropod_Bacteria_Protozoa_Helminth,4,Vector_Vertical_CloseT_Nonclose_Intermediate,5,Direct_Indirect,2,19,,130,1.010784527,70764.28571,3.126043532,126
Pygathrix_avunculus,1,0,0,0,0,0,0,1,105.4232942,22.09433273,0.893479749,104.6404669,21.148773,107.023252,22.97212941,,,,,,,,,,,,,,,,0,,12.62,,,Folivore,Other,1,D,11.25,8.5,14,735,12.28571429,,,,,arboreal,1,forest,diurnal,endangered,Asia,polygynous,,0,,0,,0,,,,1.647058824,7350000,,
Pygathrix_brelichi,1,0,0,0,0,0,0,1,108.6887842,27.88806183,0.046095118,108.5839796,27.72195843,108.792479,28.05793026,,,,,,,,,,,,,,,,0,,19,,,Folivore,Other,1,D,11.25,8,14.5,3366.666667,385.05,,,,,both,1,forest,diurnal,endangered,Asia,,,0,,0,,0,,,,1.8125,33666666.67,,
Pygathrix_nemaeus,1,0,0,0,0,0,0,3,107.1834109,14.76907889,16.16234918,104.0806157,10.970994,109.3448563,20.00073013,,,,,,,,,,,,,,,,0,,5.5,,,Folivore,Other,2,D,9.86,8.53,11.18333333,272.42,17.38888889,,,0.4,208,arboreal,1,forest,diurnal,endangered,Madagascar,,,0,,0,,0,,,,1.311059007,2724200,0.11168344,
Pygathrix_roxellana,1,0,0,0,0,0,0,2,105.2561313,32.19887362,32.52626366,98.06885097,26.23196824,110.8811993,35.31341398,0,0,0,0,0,4,0,0,4,0,0,0,0,4,1,1,4,10.495,,,Folivore,Other,1,D,13.615,10.78,16.45,2041.2,181.3571429,,,,1293.6575,both,1,forest,diurnal,endangered,Asia,polygynous,Helminth,1,Nonclose_Intermediate,2,Direct,1,4,,,1.525974026,20412000,0.25375901,128
Saguinus_bicolor,1,0,0,0,0,0,0,2,-57.53137273,-1.95602869,4.246507425,-60.5791,-3.315064407,-55.5332,-0.754964407,0,0,1,0,0,0,0,1,0,1,0,0,0,0,0,1,1,,,,Non-Folivore,Other,1,D,0.465,0.43,0.428,27.5,4.9,,,,,arboreal,1,forest,diurnal,least concern,Neotropics,monogamy,Protozoa,1,Vector,1,Indirect,1,1,,,0.995327103,275000,,126
Saguinus_fuscicollis,0.875,0,0,0,0.125,0,0,8,,,,,,,,3,0,11,0,0,44,0,22,16,42,0,0,8,13,20,8,31,4.066666667,,,Non-Folivore,Other,3,D,0.35,0.34,0.33325,59.01111111,6.07375,0.136,0.145,-0.004,1610.75,arboreal,2,forest_wetlands,diurnal,least concern,Neotropics,monogamy,Arthropod_Protozoa_Helminth,3,Vector_CloseT_Nonclose_Intermediate,4,Direct_Indirect,2,31,,17.6,0.979744936,590111.1111,1.858258743,141
Saguinus_imperator,1,0,0,0,0,0,0,1,-70.54331334,-9.883572179,19.32114781,-73.7159,-12.66316441,-67.3361,-6.732464407,0,0,7,0,0,3,0,10,0,10,0,0,0,0,0,2,3,,,,Non-Folivore,Omnivore/Insectivore,1,D,0.47,0.475,0.474,30,4.8,,,,1420,arboreal,1,forest,diurnal,least concern,Neotropics,monogamy,Protozoa_Helminth,2,Vector,1,Indirect,1,3,,8.3,0.997890295,300000,2.297590663,131
Saguinus_inustus,1,0,0,0,0,0,0,1,-68.73221541,0.340828743,30.9163586,-73.6344,-3.164564407,-62.6418,3.572435592,0,0,1,0,0,0,0,1,0,1,0,0,0,0,0,1,1,,,,Non-Folivore,Other,1,S,0.69,0.803,0.585,35,6,,,,961,arboreal,1,forest,diurnal,least concern,Neotropics,monogamy,Protozoa,1,Vector,1,Indirect,1,1,,,0.627350427,350000,1.439575034,1
Saguinus_labiatus,1,0,0,0,0,0,0,1,-64.59545281,-6.85661412,23.45942535,-70.5988,-11.35056441,-58.8862,-1.634564407,0,0,1,0,0,8,0,2,2,7,0,0,2,0,5,3,6,,,,Non-Folivore,Omnivore/Insectivore,1,S,0.51,0.529,0.49,24.85,,,,,,arboreal,1,forest,diurnal,least concern,Neotropics,monogamy,Protozoa_Helminth,2,Vector_CloseT_Intermediate,3,Direct_Indirect,2,6,,10.4,0.920408163,248500,,6
Saguinus_leucopus,1,0,0,0,0,0,0,1,-74.80198366,7.073842378,4.654669551,-75.9018,5.151535592,-73.8131,9.423735593,0,0,4,0,0,6,0,3,6,6,0,0,0,4,1,4,8,10,,,Non-Folivore,Other,1,D,0.49,0.49,0.494,34.795,5.233333333,,,,1221,arboreal,1,forest,diurnal,endangered,Neotropics,monogamy,Protozoa_Helminth,2,Vector_Nonclose_Intermediate,3,Direct_Indirect,2,8,,,1.008163265,347950,1.834434393,126
Saguinus_midas,0.666666667,0.333333333,0,0,0,0,0,3,-53.02251793,-0.615766013,118.0908439,-61.8931,-9.279564407,-43.3608,6.823835593,1,1,14,1,2,29,1,43,3,44,0,0,2,1,1,17,16,5.3,,,Non-Folivore,Other,3,['S' 'D'],0.466666667,0.5095,0.483,34.75,5.833333333,-0.035,0.015,-0.005,1554.5,arboreal,2,forest_savanna,diurnal,least concern,Neotropics,monogamy,Arthropod_Bacteria_Protozoa_Fungus_Virus_Helminth_NoEntry,7,Vector_CloseT_Nonclose_Intermediate,4,Direct_Indirect,2,15,,32.9,0.945134576,347500,2.33699758,128
Saguinus_mystax,1,0,0,0,0,0,0,1,-69.18105238,-5.612632051,48.11360705,-75.4349,-9.823364408,-62.1075,-2.452764407,1,0,1,0,0,21,0,7,5,18,0,0,3,3,11,8,16,5.05,,,Non-Folivore,Omnivore/Insectivore,1,S,0.53,0.55745,0.522,41.825,7.108,,,,1799.333333,arboreal,1,forest,diurnal,least concern,Neotropics,monogamy,Arthropod_Protozoa_Helminth,3,Vector_CloseT_Nonclose_Intermediate,4,Direct_Indirect,2,16,26,23.8,0.932088123,418250,2.465690667,134
Saguinus_nigricollis,1,0,0,0,1,0,0,2,-73.93986191,-0.911355983,19.43596672,-77.7558,-4.430964407,-67.9722,2.791835592,0,0,3,0,0,12,0,5,4,11,0,0,1,3,6,7,12,14.4,,,Non-Folivore,Omnivore/Insectivore,1,D,0.44,0.484,0.468,33.75,5.366666667,,,,1235,arboreal,2,forest_wetlands,diurnal,least concern,Neotropics,monogamy,Protozoa_Helminth,2,Vector_CloseT_Nonclose_Intermediate,4,Direct_Indirect,2,12,,24.8,0.965811966,337500,1.883974454,12
Saguinus_oedipus,1,0,0,0,0,0,0,2,-76.800493,7.76485916,10.46648047,-80.09134688,3.514435593,-74.4846,10.81001016,0,6,9,0,4,6,0,19,5,20,0,0,4,5,1,12,14,12.7,,,Non-Folivore,Omnivore/Insectivore,1,D,0.45,0.4535,0.45,25.8,3.383333333,0.038,0.05,0.005,2061,arboreal,1,forest,diurnal,least concern,Neotropics,monogamy,Bacteria_Protozoa_Virus_Helminth,4,Vector_CloseT_Nonclose_Intermediate,4,Direct_Indirect,2,14,,35.8,0.992222222,258000,3.595945322,131
Saimiri_boliviensis,1,0,0,0,0,0,0,2,-69.1160788,-10.13393862,113.7650605,-77.3529,-17.99816441,-61.4262,-2.367764408,0,0,0,0,0,5,0,0,2,3,0,0,1,2,3,1,5,3.45,,,Non-Folivore,Omnivore/Insectivore,1,D,0.84,0.7,0.985,227.5,41.66666667,,,,,arboreal,1,forest,diurnal,least concern,Neotropics,multimale-multifemale,Helminth,1,CloseT_Nonclose_Intermediate,3,Direct_Indirect,2,5,,,1.407142857,2275000,,147
Saimiri_oerstedii,1,0,0,0,0,0,0,1,-83.61245423,8.962245885,0.600367525,-84.6803,8.025735592,-82.4861,9.797735593,2,0,4,0,1,13,0,11,6,14,0,2,4,3,3,8,15,,,,Non-Folivore,Omnivore/Insectivore,1,D,0.79,0.68,0.897,188,41.5,,,,,arboreal,1,forest,diurnal,vulnerable,Neotropics,multimale-multifemale,Arthropod_Protozoa_Virus_Helminth,4,Vector_Vertical_CloseT_Nonclose_Intermediate,5,Direct_Indirect,2,15,,,1.319117647,1880000,,147
Saimiri_sciureus,1,0.333333333,0.333333333,0,0.333333333,0,0,3,-60.98961409,-2.101608583,360.4018326,-78.4455,-15.04706441,-44.0136,8.388335592,3,0,52,0,5,69,1,82,28,102,0,0,12,26,19,31,35,5,,,Non-Folivore,Other,4,D,0.896666667,0.822666667,0.971333333,177.3333333,,0.155,-0.115,0.256,,arboreal,4,forest_savanna_shrubland_wetlands,diurnal,least concern,Neotropics,multimale-multifemale,Arthropod_Protozoa_Virus_Helminth_NoEntry,5,Vector_CloseT_Nonclose_Intermediate,4,Direct_Indirect,2,34,,86.7,1.180713128,1773333.333,,147
Saimiri_ustus,1,0,0,0,0,0,0,1,-60.80689029,-8.251574291,72.06374514,-65.5154,-15.43556441,-54.9183,-1.950964408,0,0,9,0,0,0,0,9,0,9,0,0,0,0,0,3,4,,,,Non-Folivore,Omnivore/Insectivore,1,D,0.86,0.799,0.921,50,19.13333333,,,,,arboreal,1,forest,diurnal,near threatened,Neotropics,multimale-multifemale,Protozoa,1,Vector,1,Indirect,1,4,,,1.152690864,500000,,147
Simias_concolor,1,0,0,0,0,0,0,1,99.32542116,-1.851900247,0.488091616,98.58380127,-3.349012613,100.4758072,-0.916830599,,,,,,,,,,,,,,,,0,,5,,,Folivore,Other,1,D,7.97,6.8,9.15,7.1,,,-0.462,0.352,475,both,1,forest,diurnal,endangered,Asia,polygynous,,0,,0,,0,,,64.8,1.345588235,71000,1.579826433,
Tarsius_bancanus,1,0,0,0,0,0,0,1,,,,,,,,0,0,0,0,0,4,0,0,0,4,0,0,0,1,4,1,2,0.6,,,Non-Folivore,Omnivore/Insectivore,1,D,0.12,0.117,0.128,6.75,2,,,,1137.0675,arboreal,1,forest,nocturnal,vulnerable,Asia,,Helminth,1,Nonclose_Intermediate,2,Indirect,1,2,,47.3,1.094017094,67500,3.878638472,112
Tarsius_syrichta,1,0,0,0,0,0,0,1,,,,,,,,,,,,,,,,,,,,,,,0,,,,,Non-Folivore,Omnivore/Insectivore,1,D,0.13,0.117,0.134,4.403,,,,,1325.4,arboreal,1,forest,nocturnal,near threatened,Asia,,,0,,0,,0,,,,1.145299145,44030,5.597802403,
Theropithecus_gelada,0,0,0,1,0,1,0,1,38.92815169,11.38366404,8.604621624,37.56873761,7.882746513,41.55391253,14.20095062,0,0,0,0,0,7,0,0,0,7,0,0,0,0,7,3,1,18.33333333,,,Folivore,Other,1,D,15.35,11.7,19,203.43,53.42727273,0.773,-0.261,0.719,1751.6,terrestrial,2,grassland_rocky.areas,diurnal,least concern,M_Africa,polygynous,Helminth,1,Intermediate,1,Indirect,1,1,,78.6,1.623931624,2034300,1.088359513,172
Varecia_variegata,1,0,0,0,0,0,0,2,49.1756168,-16.88191028,1.272641292,47.20002708,-23.31390648,50.4421,-14.70216317,2,10,1,0,0,3,0,2,13,3,0,0,3,11,0,5,14,4.782222222,,,Non-Folivore,Other,1,D,3.4075,3.495,3.59,76.544,8.7075,0.263,0.222,,1041.658,arboreal,1,forest,diurnal,endangered,Madagascar,monogamy,Arthropod_Bacteria_Protozoa_Helminth,4,Vector_CloseT_Nonclose,3,Direct_Indirect,2,14,2.23,175,1.027181688,765440,1.055150763,117
